callsign,number,icao24,registration,typecode,origin,destination,firstseen,lastseen,day
AAL110,AA110,aa21cd,N149AA,B738,KJFK,KLAX,1717221588,1717243245,1717196400
AAL120,AA120,aa117f,N436AA,B738,KJFK,KLAX,1717231925,1717253112,1717196400
AAL130,AA130,aa1b5c,N296AA,B738,KJFK,KLAX,1717244294,1717265251,1717196400
AAL140,AA140,aa113c,N164AA,B738,KJFK,KLAX,1717260300,1717282018,1717196400
AAL150,AA150,aa18ee,N780AA,B738,KJFK,KLAX,1717270533,1717291499,1717196400
DAL310,DL310,dl8d2,N514DL,B738,KJFK,KLAX,1717223308,1717244436,1717196400
DAL320,DL320,dl9f7,N453DL,B738,KJFK,KLAX,1717233305,1717254311,1717196400
DAL330,DL330,dldb8,N135DL,B738,KJFK,KLAX,1717248447,1717269806,1717196400
DAL340,DL340,dl1b1f,N768DL,B738,KJFK,KLAX,1717262319,1717283467,1717196400
DAL350,DL350,dl2492,N418DL,B738,KJFK,KLAX,1717276554,1717298099,1717196400
JBU510,B6510,b6949,N167B6,B738,KJFK,KLAX,1717223119,1717245038,1717196400
JBU530,B6530,b6b83,N792B6,B738,KJFK,KLAX,1717255002,1717277266,1717196400
JBU540,B6540,b6ce2,N802B6,B738,KJFK,KLAX,1717269081,1717291456,1717196400
DAL410,DL410,dl207b,N242DL,B738,KBOS,KSFO,1717223901,1717247640,1717196400
DAL420,DL420,dl1a54,N574DL,B738,KBOS,KSFO,1717238615,1717261685,1717196400
DAL430,DL430,dldc3,N356DL,B738,KBOS,KSFO,1717254818,1717277727,1717196400
UAL210,UA210,ua1855,N350UA,B738,KBOS,KSFO,1717219474,1717242793,1717196400
UAL220,UA220,ua1d37,N977UA,B738,KBOS,KSFO,1717232893,1717255531,1717196400
UAL230,UA230,ua1564,N582UA,B738,KBOS,KSFO,1717248671,1717271038,1717196400
UAL240,UA240,uac77,N395UA,B738,KBOS,KSFO,1717261062,1717284059,1717196400
JBU610,B6610,b61203,N628B6,B738,KBOS,KSFO,1717226538,1717249639,1717196400
JBU620,B6620,b619d3,N224B6,B738,KBOS,KSFO,1717243882,1717266269,1717196400
JBU630,B6630,b61b39,N625B6,B738,KBOS,KSFO,1717262511,1717285657,1717196400
AAL120,AA120,aa1847,N407AA,B738,KORD,KLGA,1717220318,1717227974,1717196400
AAL130,AA130,aa2105,N404AA,B738,KORD,KLGA,1717226506,1717234102,1717196400
AAL140,AA140,aa1ffc,N549AA,B738,KORD,KLGA,1717232018,1717240153,1717196400
AAL150,AA150,aa21ad,N733AA,B738,KORD,KLGA,1717238785,1717247621,1717196400
AAL160,AA160,aad16,N599AA,B738,KORD,KLGA,1717247759,1717256014,1717196400
AAL170,AA170,aa14ed,N718AA,B738,KORD,KLGA,1717255665,1717263133,1717196400
AAL180,AA180,aa1999,N632AA,B738,KORD,KLGA,1717263441,1717270784,1717196400
DAL320,DL320,dl1e9a,N211DL,B738,KORD,KLGA,1717224251,1717232025,1717196400
DAL330,DL330,dla0e,N337DL,B738,KORD,KLGA,1717230293,1717237344,1717196400
DAL340,DL340,dl1030,N559DL,B738,KORD,KLGA,1717238223,1717245195,1717196400
DAL350,DL350,dl249f,N332DL,B738,KORD,KLGA,1717245008,1717253209,1717196400
DAL360,DL360,dl2473,N231DL,B738,KORD,KLGA,1717253031,1717260651,1717196400
DAL370,DL370,dl686,N559DL,B738,KORD,KLGA,1717258556,1717266110,1717196400
UAL220,UA220,ua1587,N512UA,B738,KORD,KLGA,1717222188,1717230188,1717196400
UAL230,UA230,ua7dc,N198UA,B738,KORD,KLGA,1717229501,1717237116,1717196400
UAL240,UA240,ua1c29,N255UA,B738,KORD,KLGA,1717234428,1717242760,1717196400
UAL250,UA250,ua1930,N813UA,B738,KORD,KLGA,1717241149,1717249675,1717196400
UAL270,UA270,uad94,N712UA,B738,KORD,KLGA,1717255838,1717263772,1717196400
UAL280,UA280,ua5a5,N874UA,B738,KORD,KLGA,1717265667,1717273984,1717196400
AAL130,AA130,aa14cd,N134AA,B738,KMIA,KATL,1717224522,1717231227,1717196400
AAL140,AA140,aa1b8a,N893AA,B738,KMIA,KATL,1717233840,1717239951,1717196400
AAL150,AA150,aa775,N564AA,B738,KMIA,KATL,1717239734,1717247188,1717196400
AAL160,AA160,aa6c4,N972AA,B738,KMIA,KATL,1717253205,1717260473,1717196400
AAL170,AA170,aa412,N489AA,B738,KMIA,KATL,1717261053,1717267322,1717196400
DAL330,DL330,dlfd4,N530DL,B738,KMIA,KATL,1717218911,1717226382,1717196400
DAL340,DL340,dl11a2,N800DL,B738,KMIA,KATL,1717227117,1717234180,1717196400
DAL350,DL350,dl2322,N404DL,B738,KMIA,KATL,1717237046,1717243661,1717196400
DAL360,DL360,dl25da,N209DL,B738,KMIA,KATL,1717245611,1717252477,1717196400
DAL370,DL370,dl1664,N239DL,B738,KMIA,KATL,1717256509,1717263402,1717196400
DAL380,DL380,dl800,N497DL,B738,KMIA,KATL,1717264910,1717271601,1717196400
AAL110,AA110,aa20f2,N378AA,B77W,KJFK,EGLL,1717228667,1717253080,1717196400
AAL120,AA120,aa12dc,N987AA,B77W,KJFK,EGLL,1717266661,1717291367,1717196400
AAL130,AA130,aa1e9c,N857AA,B77W,KJFK,EGLL,1717274497,1717299872,1717196400
DAL310,DL310,dl1be5,N858DL,B77W,KJFK,EGLL,1717269063,1717294291,1717196400
DAL320,DL320,dlbfc,N675DL,B77W,KJFK,EGLL,1717276202,1717301192,1717196400
BAW180,BA180,ba13af,N665BA,B77W,KJFK,EGLL,1717224984,1717250535,1717196400
BAW190,BA190,bafeb,N946BA,B77W,KJFK,EGLL,1717262995,1717288034,1717196400
BAW200,BA200,bafad,N243BA,B77W,KJFK,EGLL,1717268907,1717294936,1717196400
BAW210,BA210,ba1ad9,N925BA,B77W,KJFK,EGLL,1717277820,1717303025,1717196400
DAL350,DL350,dl1885,N138DL,B77W,KBOS,EGLL,1717265365,1717289530,1717196400
BAW220,BA220,ba1e1c,N351BA,B77W,KBOS,EGLL,1717263405,1717287124,1717196400
BAW230,BA230,ba194f,N458BA,B77W,KBOS,EGLL,1717274761,1717298145,1717196400
UAL260,UA260,ua1736,N401UA,B77W,KORD,LFPG,1717266669,1717296442,1717196400
AFR140,AF140,afd39,N830AF,B77W,KORD,LFPG,1717260366,1717290208,1717196400
UAL11,UA11,uaf77,N356UA,B77W,KSFO,WSSS,1717280315,1717342055,1717196400
SIA40,SQ40,sq90d,N524SQ,B77W,KSFO,WSSS,1717234192,1717294837,1717196400
SIA50,SQ50,sq174f,N279SQ,B77W,KSFO,WSSS,1717275916,1717336895,1717196400
BAW310,BA310,ba1a92,N729BA,B738,EGLL,LFPG,1717225036,1717229418,1717196400
BAW320,BA320,ba179a,N901BA,B738,EGLL,LFPG,1717239257,1717243765,1717196400
BAW340,BA340,ba25b9,N595BA,B738,EGLL,LFPG,1717268123,1717272505,1717196400
AFR1690,AF1690,af21a8,N876AF,B738,EGLL,LFPG,1717220644,1717224981,1717196400
AFR1700,AF1700,af855,N530AF,B738,EGLL,LFPG,1717234096,1717238114,1717196400
AFR1710,AF1710,af1a2a,N599AF,B738,EGLL,LFPG,1717251531,1717256190,1717196400
BAW910,BA910,ba926,N911BA,B738,EGLL,EDDF,1717222486,1717227945,1717196400
BAW920,BA920,baf0f,N963BA,B738,EGLL,EDDF,1717239888,1717244833,1717196400
BAW930,BA930,ba150c,N901BA,B738,EGLL,EDDF,1717255588,1717260843,1717196400
BAW940,BA940,bafa7,N725BA,B738,EGLL,EDDF,1717267213,1717273102,1717196400
DLH910,LH910,lhd38,N525LH,B738,EGLL,EDDF,1717222412,1717228087,1717196400
DLH920,LH920,lh7d6,N124LH,B738,EGLL,EDDF,1717232085,1717237366,1717196400
DLH930,LH930,lhed6,N176LH,B738,EGLL,EDDF,1717245281,1717250657,1717196400
DLH940,LH940,lhda4,N454LH,B738,EGLL,EDDF,1717263262,1717268451,1717196400
AAL120,AA120,aa1d6e,N184AA,B738,KJFK,KLAX,1717318351,1717340122,1717282800
AAL130,AA130,aa1cb1,N832AA,B738,KJFK,KLAX,1717329624,1717351725,1717282800
AAL140,AA140,aa178d,N660AA,B738,KJFK,KLAX,1717347532,1717368856,1717282800
AAL150,AA150,aa1253,N600AA,B738,KJFK,KLAX,1717357526,1717379187,1717282800
DAL310,DL310,dl258f,N706DL,B738,KJFK,KLAX,1717311516,1717332595,1717282800
DAL320,DL320,dl218e,N177DL,B738,KJFK,KLAX,1717320346,1717342361,1717282800
DAL330,DL330,dldfa,N188DL,B738,KJFK,KLAX,1717334992,1717355307,1717282800
DAL340,DL340,dl15b6,N141DL,B738,KJFK,KLAX,1717346605,1717368164,1717282800
DAL350,DL350,dl779,N515DL,B738,KJFK,KLAX,1717361678,1717382004,1717282800
JBU520,B6520,b626dd,N309B6,B738,KJFK,KLAX,1717324828,1717347428,1717282800
JBU530,B6530,b6f2f,N489B6,B738,KJFK,KLAX,1717339452,1717361436,1717282800
JBU540,B6540,b68e8,N883B6,B738,KJFK,KLAX,1717354548,1717375957,1717282800
DAL410,DL410,dle03,N792DL,B738,KBOS,KSFO,1717310850,1717334139,1717282800
DAL420,DL420,dlf8c,N208DL,B738,KBOS,KSFO,1717323016,1717346533,1717282800
DAL430,DL430,dl253d,N918DL,B738,KBOS,KSFO,1717340524,1717363424,1717282800
UAL210,UA210,ua1942,N343UA,B738,KBOS,KSFO,1717308102,1717330472,1717282800
UAL220,UA220,ua13d0,N606UA,B738,KBOS,KSFO,1717321018,1717343686,1717282800
UAL230,UA230,ua1aec,N885UA,B738,KBOS,KSFO,1717338154,1717361242,1717282800
UAL240,UA240,ua205e,N980UA,B738,KBOS,KSFO,1717348636,1717370874,1717282800
JBU610,B6610,b6659,N223B6,B738,KBOS,KSFO,1717313897,1717336553,1717282800
JBU620,B6620,b61d40,N978B6,B738,KBOS,KSFO,1717329643,1717352717,1717282800
JBU630,B6630,b6c26,N765B6,B738,KBOS,KSFO,1717348383,1717371494,1717282800
AAL120,AA120,aab19,N895AA,B738,KORD,KLGA,1717303236,1717311600,1717282800
AAL130,AA130,aa131e,N428AA,B738,KORD,KLGA,1717310553,1717318665,1717282800
AAL140,AA140,aa13fa,N778AA,B738,KORD,KLGA,1717316453,1717325251,1717282800
AAL160,AA160,aa2071,N591AA,B738,KORD,KLGA,1717335152,1717343100,1717282800
AAL170,AA170,aa15da,N463AA,B738,KORD,KLGA,1717340731,1717348872,1717282800
AAL180,AA180,aa1996,N118AA,B738,KORD,KLGA,1717350569,1717358759,1717282800
DAL320,DL320,dl258e,N809DL,B738,KORD,KLGA,1717308889,1717316527,1717282800
DAL330,DL330,dl1957,N357DL,B738,KORD,KLGA,1717316912,1717324364,1717282800
DAL340,DL340,dl1b59,N323DL,B738,KORD,KLGA,1717324839,1717331836,1717282800
DAL350,DL350,dlf54,N573DL,B738,KORD,KLGA,1717330335,1717338018,1717282800
DAL370,DL370,dl162f,N648DL,B738,KORD,KLGA,1717346061,1717354376,1717282800
UAL220,UA220,uac75,N686UA,B738,KORD,KLGA,1717306883,1717315014,1717282800
UAL230,UA230,ua13b3,N117UA,B738,KORD,KLGA,1717315148,1717322745,1717282800
UAL240,UA240,ua236e,N169UA,B738,KORD,KLGA,1717321171,1717330106,1717282800
UAL250,UA250,ua106f,N382UA,B738,KORD,KLGA,1717329546,1717337681,1717282800
UAL260,UA260,ua19bb,N804UA,B738,KORD,KLGA,1717334283,1717342657,1717282800
UAL270,UA270,ua1b5c,N986UA,B738,KORD,KLGA,1717348912,1717357016,1717282800
UAL280,UA280,ua1f94,N590UA,B738,KORD,KLGA,1717349436,1717357362,1717282800
AAL130,AA130,aa2330,N835AA,B738,KMIA,KATL,1717309350,1717316287,1717282800
AAL140,AA140,aabba,N414AA,B738,KMIA,KATL,1717317800,1717324716,1717282800
AAL150,AA150,aa270c,N658AA,B738,KMIA,KATL,1717326874,1717334418,1717282800
AAL160,AA160,aa2526,N965AA,B738,KMIA,KATL,1717337702,1717344177,1717282800
AAL170,AA170,aa1be0,N432AA,B738,KMIA,KATL,1717346909,1717353732,1717282800
DAL330,DL330,dl143c,N974DL,B738,KMIA,KATL,1717303983,1717311691,1717282800
DAL340,DL340,dl21a0,N942DL,B738,KMIA,KATL,1717312398,1717320079,1717282800
DAL350,DL350,dldbb,N533DL,B738,KMIA,KATL,1717321358,1717328362,1717282800
DAL360,DL360,dl2470,N871DL,B738,KMIA,KATL,1717332783,1717339810,1717282800
DAL370,DL370,dlb61,N106DL,B738,KMIA,KATL,1717341289,1717348212,1717282800
DAL380,DL380,dl18b0,N901DL,B738,KMIA,KATL,1717350867,1717357675,1717282800
AAL110,AA110,aa23a3,N358AA,B77W,KJFK,EGLL,1717319944,1717344249,1717282800
AAL120,AA120,aa1af1,N135AA,B77W,KJFK,EGLL,1717352798,1717377485,1717282800
AAL130,AA130,aa83d,N958AA,B77W,KJFK,EGLL,1717360850,1717385437,1717282800
DAL310,DL310,dl25e7,N147DL,B77W,KJFK,EGLL,1717353679,1717378745,1717282800
DAL320,DL320,dl266f,N414DL,B77W,KJFK,EGLL,1717362264,1717387074,1717282800
BAW180,BA180,ba1ec3,N752BA,B77W,KJFK,EGLL,1717314915,1717339666,1717282800
BAW190,BA190,ba23b7,N723BA,B77W,KJFK,EGLL,1717349509,1717375125,1717282800
BAW200,BA200,ba1701,N662BA,B77W,KJFK,EGLL,1717356512,1717381810,1717282800
BAW210,BA210,ba154e,N744BA,B77W,KJFK,EGLL,1717364878,1717390072,1717282800
DAL350,DL350,dl25f2,N595DL,B77W,KBOS,EGLL,1717349277,1717373990,1717282800
BAW220,BA220,ba1b75,N940BA,B77W,KBOS,EGLL,1717350659,1717374586,1717282800
BAW230,BA230,ba15de,N127BA,B77W,KBOS,EGLL,1717360820,1717385165,1717282800
UAL260,UA260,ua10ce,N317UA,B77W,KORD,LFPG,1717360127,1717388921,1717282800
AFR140,AF140,af1223,N627AF,B77W,KORD,LFPG,1717346761,1717376504,1717282800
UAL11,UA11,uafe9,N773UA,B77W,KSFO,WSSS,1717366087,1717427520,1717282800
SIA40,SQ40,sq6cd,N613SQ,B77W,KSFO,WSSS,1717321279,1717381302,1717282800
SIA50,SQ50,sqc23,N325SQ,B77W,KSFO,WSSS,1717363416,1717423754,1717282800
BAW310,BA310,bab00,N592BA,B738,EGLL,LFPG,1717308150,1717312302,1717282800
BAW320,BA320,ba2541,N643BA,B738,EGLL,LFPG,1717325601,1717330126,1717282800
BAW330,BA330,ba210a,N816BA,B738,EGLL,LFPG,1717336632,1717340804,1717282800
BAW340,BA340,ba2082,N814BA,B738,EGLL,LFPG,1717354620,1717358728,1717282800
AFR1690,AF1690,af18b0,N207AF,B738,EGLL,LFPG,1717307739,1717312227,1717282800
AFR1700,AF1700,afa9d,N808AF,B738,EGLL,LFPG,1717318667,1717323373,1717282800
AFR1710,AF1710,af1de9,N940AF,B738,EGLL,LFPG,1717344256,1717348662,1717282800
AFR1720,AF1720,afb76,N457AF,B738,EGLL,LFPG,1717346326,1717350742,1717282800
BAW910,BA910,ba19e4,N855BA,B738,EGLL,EDDF,1717307999,1717313575,1717282800
BAW920,BA920,ba638,N908BA,B738,EGLL,EDDF,1717327205,1717332955,1717282800
BAW930,BA930,ba1f6a,N763BA,B738,EGLL,EDDF,1717339588,1717345186,1717282800
DLH910,LH910,lh1a90,N854LH,B738,EGLL,EDDF,1717306550,1717312406,1717282800
DLH920,LH920,lh1cc0,N112LH,B738,EGLL,EDDF,1717315018,1717321052,1717282800
DLH930,LH930,lh20ce,N114LH,B738,EGLL,EDDF,1717333014,1717338474,1717282800
DLH940,LH940,lh1241,N752LH,B738,EGLL,EDDF,1717348953,1717354190,1717282800
AAL110,AA110,aa1a46,N561AA,B738,KJFK,KLAX,1717392828,1717414140,1717369200
AAL120,AA120,aa19f1,N742AA,B738,KJFK,KLAX,1717403261,1717425140,1717369200
AAL130,AA130,aa1fae,N908AA,B738,KJFK,KLAX,1717414687,1717435896,1717369200
AAL140,AA140,aa2658,N722AA,B738,KJFK,KLAX,1717433244,1717454720,1717369200
AAL150,AA150,aab19,N423AA,B738,KJFK,KLAX,1717444858,1717465916,1717369200
DAL310,DL310,dl1f05,N778DL,B738,KJFK,KLAX,1717396352,1717417512,1717369200
DAL320,DL320,dl17b9,N576DL,B738,KJFK,KLAX,1717407457,1717428601,1717369200
DAL330,DL330,dl185b,N500DL,B738,KJFK,KLAX,1717422270,1717443545,1717369200
DAL340,DL340,dl41b,N592DL,B738,KJFK,KLAX,1717433963,1717455276,1717369200
DAL350,DL350,dl13d6,N479DL,B738,KJFK,KLAX,1717447748,1717468587,1717369200
JBU510,B6510,b61cfb,N700B6,B738,KJFK,KLAX,1717398606,1717421103,1717369200
JBU520,B6520,b61449,N441B6,B738,KJFK,KLAX,1717412241,1717433958,1717369200
JBU530,B6530,b61760,N733B6,B738,KJFK,KLAX,1717424134,1717445581,1717369200
JBU540,B6540,b6818,N927B6,B738,KJFK,KLAX,1717439350,1717460678,1717369200
DAL410,DL410,dl714,N992DL,B738,KBOS,KSFO,1717396786,1717419668,1717369200
DAL420,DL420,dl2415,N655DL,B738,KBOS,KSFO,1717411527,1717434818,1717369200
DAL430,DL430,dl248b,N221DL,B738,KBOS,KSFO,1717426800,1717450169,1717369200
UAL210,UA210,ua11ec,N550UA,B738,KBOS,KSFO,1717395270,1717418132,1717369200
UAL220,UA220,ua1f7b,N631UA,B738,KBOS,KSFO,1717404718,1717428193,1717369200
UAL230,UA230,ua138b,N688UA,B738,KBOS,KSFO,1717420872,1717443975,1717369200
UAL240,UA240,ua2358,N988UA,B738,KBOS,KSFO,1717433714,1717456799,1717369200
JBU610,B6610,b6891,N178B6,B738,KBOS,KSFO,1717400639,1717423285,1717369200
JBU620,B6620,b614bd,N814B6,B738,KBOS,KSFO,1717417508,1717440531,1717369200
JBU630,B6630,b6991,N866B6,B738,KBOS,KSFO,1717436627,1717459242,1717369200
AAL120,AA120,aa238a,N836AA,B738,KORD,KLGA,1717392722,1717400241,1717369200
AAL130,AA130,aa2429,N632AA,B738,KORD,KLGA,1717399495,1717407647,1717369200
AAL140,AA140,aa870,N600AA,B738,KORD,KLGA,1717407449,1717415097,1717369200
AAL150,AA150,aaf99,N840AA,B738,KORD,KLGA,1717413829,1717421937,1717369200
AAL160,AA160,aafe4,N299AA,B738,KORD,KLGA,1717421821,1717429624,1717369200
AAL170,AA170,aa15a4,N779AA,B738,KORD,KLGA,1717427351,1717436187,1717369200
AAL180,AA180,aa2077,N882AA,B738,KORD,KLGA,1717435241,1717443541,1717369200
DAL320,DL320,dl187b,N666DL,B738,KORD,KLGA,1717394496,1717402400,1717369200
DAL330,DL330,dl1d65,N662DL,B738,KORD,KLGA,1717403458,1717410569,1717369200
DAL340,DL340,dl2694,N102DL,B738,KORD,KLGA,1717409534,1717416722,1717369200
DAL350,DL350,dl73a,N540DL,B738,KORD,KLGA,1717416804,1717424692,1717369200
DAL360,DL360,dl14b1,N586DL,B738,KORD,KLGA,1717424018,1717431818,1717369200
DAL370,DL370,dl2102,N484DL,B738,KORD,KLGA,1717431182,1717438804,1717369200
UAL220,UA220,uab3b,N194UA,B738,KORD,KLGA,1717396254,1717404865,1717369200
UAL230,UA230,ua628,N660UA,B738,KORD,KLGA,1717401173,1717409103,1717369200
UAL240,UA240,uaacd,N883UA,B738,KORD,KLGA,1717404618,1717412928,1717369200
UAL250,UA250,ua22dd,N975UA,B738,KORD,KLGA,1717416296,1717424539,1717369200
UAL260,UA260,ua14a1,N867UA,B738,KORD,KLGA,1717421555,1717430325,1717369200
UAL270,UA270,ua666,N630UA,B738,KORD,KLGA,1717428441,1717435879,1717369200
UAL280,UA280,ua1b11,N396UA,B738,KORD,KLGA,1717438271,1717445752,1717369200
AAL130,AA130,aaf04,N795AA,B738,KMIA,KATL,1717399140,1717405584,1717369200
AAL150,AA150,aa1005,N972AA,B738,KMIA,KATL,1717415755,1717422479,1717369200
AAL160,AA160,aa1764,N576AA,B738,KMIA,KATL,1717424625,1717432264,1717369200
AAL170,AA170,aa2248,N500AA,B738,KMIA,KATL,1717434485,1717441582,1717369200
DAL330,DL330,dl1dde,N892DL,B738,KMIA,KATL,1717392599,1717399256,1717369200
DAL340,DL340,dl2102,N731DL,B738,KMIA,KATL,1717402131,1717409064,1717369200
DAL350,DL350,dle36,N192DL,B738,KMIA,KATL,1717409574,1717416065,1717369200
DAL370,DL370,dlba1,N350DL,B738,KMIA,KATL,1717429001,1717436637,1717369200
DAL380,DL380,dl23df,N378DL,B738,KMIA,KATL,1717436694,1717442904,1717369200
AAL110,AA110,aa16d0,N913AA,B77W,KJFK,EGLL,1717402199,1717427037,1717369200
AAL130,AA130,aa1b02,N690AA,B77W,KJFK,EGLL,1717448954,1717473474,1717369200
DAL310,DL310,dl42a,N514DL,B77W,KJFK,EGLL,1717437878,1717463275,1717369200
DAL320,DL320,dlfb8,N739DL,B77W,KJFK,EGLL,1717449411,1717474607,1717369200
BAW180,BA180,ba131e,N198BA,B77W,KJFK,EGLL,1717399115,1717424605,1717369200
BAW190,BA190,ba1c5f,N292BA,B77W,KJFK,EGLL,1717435849,1717461092,1717369200
BAW210,BA210,ba23c6,N148BA,B77W,KJFK,EGLL,1717450965,1717475725,1717369200
DAL350,DL350,dl2532,N870DL,B77W,KBOS,EGLL,1717439381,1717463044,1717369200
BAW220,BA220,baffa,N616BA,B77W,KBOS,EGLL,1717435271,1717459498,1717369200
BAW230,BA230,ba197d,N398BA,B77W,KBOS,EGLL,1717448979,1717472312,1717369200
UAL260,UA260,uaa44,N558UA,B77W,KORD,LFPG,1717436786,1717466963,1717369200
AFR140,AF140,af6cd,N501AF,B77W,KORD,LFPG,1717434597,1717463921,1717369200
UAL11,UA11,ua1375,N412UA,B77W,KSFO,WSSS,1717453735,1717514366,1717369200
SIA40,SQ40,sq1c10,N602SQ,B77W,KSFO,WSSS,1717408565,1717468727,1717369200
SIA50,SQ50,sqa68,N515SQ,B77W,KSFO,WSSS,1717449738,1717510470,1717369200
BAW310,BA310,ba55e,N756BA,B738,EGLL,LFPG,1717391527,1717396545,1717369200
BAW320,BA320,ba2525,N318BA,B738,EGLL,LFPG,1717409478,1717414240,1717369200
BAW330,BA330,baab5,N214BA,B738,EGLL,LFPG,1717425797,1717430052,1717369200
BAW340,BA340,bac7d,N773BA,B738,EGLL,LFPG,1717438636,1717443469,1717369200
AFR1690,AF1690,af1bcb,N859AF,B738,EGLL,LFPG,1717394204,1717398581,1717369200
AFR1700,AF1700,af1361,N496AF,B738,EGLL,LFPG,1717405791,1717409870,1717369200
AFR1710,AF1710,af88d,N155AF,B738,EGLL,LFPG,1717423959,1717428485,1717369200
AFR1720,AF1720,af2600,N342AF,B738,EGLL,LFPG,1717436641,1717441100,1717369200
BAW910,BA910,badd5,N844BA,B738,EGLL,EDDF,1717397358,1717402833,1717369200
BAW920,BA920,ba627,N694BA,B738,EGLL,EDDF,1717412348,1717417849,1717369200
BAW930,BA930,ba1953,N770BA,B738,EGLL,EDDF,1717426797,1717432674,1717369200
BAW940,BA940,ba4ee,N353BA,B738,EGLL,EDDF,1717438460,1717444266,1717369200
DLH910,LH910,lh1d13,N550LH,B738,EGLL,EDDF,1717393834,1717399636,1717369200
DLH920,LH920,lh14be,N329LH,B738,EGLL,EDDF,1717403714,1717409556,1717369200
DLH930,LH930,lhc53,N913LH,B738,EGLL,EDDF,1717420145,1717425507,1717369200
DLH940,LH940,lh900,N510LH,B738,EGLL,EDDF,1717434386,1717440084,1717369200
AAL110,AA110,aa15fd,N484AA,B738,KJFK,KLAX,1717478709,1717500163,1717455600
AAL120,AA120,aa10cd,N142AA,B738,KJFK,KLAX,1717489220,1717511319,1717455600
AAL140,AA140,aa224a,N551AA,B738,KJFK,KLAX,1717518298,1717540295,1717455600
AAL150,AA150,aa12a9,N586AA,B738,KJFK,KLAX,1717529696,1717551137,1717455600
DAL310,DL310,dl1e4b,N431DL,B738,KJFK,KLAX,1717481160,1717502548,1717455600
DAL320,DL320,dl22c9,N491DL,B738,KJFK,KLAX,1717493126,1717514642,1717455600
DAL330,DL330,dl1169,N279DL,B738,KJFK,KLAX,1717508036,1717529151,1717455600
DAL340,DL340,dlbdb,N103DL,B738,KJFK,KLAX,1717521733,1717542648,1717455600
DAL350,DL350,dlda2,N979DL,B738,KJFK,KLAX,1717531734,1717552894,1717455600
JBU510,B6510,b626f1,N538B6,B738,KJFK,KLAX,1717485438,1717507715,1717455600
JBU520,B6520,b6216b,N357B6,B738,KJFK,KLAX,1717502438,1717524217,1717455600
JBU530,B6530,b61e6a,N800B6,B738,KJFK,KLAX,1717513627,1717535202,1717455600
JBU540,B6540,b6643,N261B6,B738,KJFK,KLAX,1717528102,1717550162,1717455600
DAL410,DL410,dl2378,N536DL,B738,KBOS,KSFO,1717484873,1717507885,1717455600
DAL420,DL420,dl5d8,N377DL,B738,KBOS,KSFO,1717497100,1717519757,1717455600
DAL430,DL430,dl1a13,N397DL,B738,KBOS,KSFO,1717513257,1717536308,1717455600
UAL210,UA210,ua14c3,N116UA,B738,KBOS,KSFO,1717480860,1717502998,1717455600
UAL220,UA220,uabe3,N491UA,B738,KBOS,KSFO,1717491319,1717514182,1717455600
UAL230,UA230,ua5c8,N831UA,B738,KBOS,KSFO,1717507705,1717530533,1717455600
UAL240,UA240,ua850,N653UA,B738,KBOS,KSFO,1717518329,1717541887,1717455600
JBU610,B6610,b6a72,N125B6,B738,KBOS,KSFO,1717486836,1717509032,1717455600
JBU620,B6620,b6834,N695B6,B738,KBOS,KSFO,1717504638,1717527383,1717455600
JBU630,B6630,b62247,N314B6,B738,KBOS,KSFO,1717526334,1717549424,1717455600
AAL120,AA120,aa5fe,N563AA,B738,KORD,KLGA,1717479128,1717486749,1717455600
AAL130,AA130,aaf7e,N972AA,B738,KORD,KLGA,1717486999,1717494615,1717455600
AAL140,AA140,aa18ff,N952AA,B738,KORD,KLGA,1717489143,1717497309,1717455600
AAL150,AA150,aa2681,N899AA,B738,KORD,KLGA,1717500228,1717507959,1717455600
AAL160,AA160,aa1114,N981AA,B738,KORD,KLGA,1717507581,1717514879,1717455600
AAL170,AA170,aa1ca2,N680AA,B738,KORD,KLGA,1717515523,1717523659,1717455600
AAL180,AA180,aa880,N269AA,B738,KORD,KLGA,1717519348,1717527315,1717455600
DAL320,DL320,dl2343,N881DL,B738,KORD,KLGA,1717483196,1717490995,1717455600
DAL330,DL330,dl5a2,N504DL,B738,KORD,KLGA,1717489481,1717497036,1717455600
DAL340,DL340,dl925,N514DL,B738,KORD,KLGA,1717493680,1717500968,1717455600
DAL350,DL350,dl744,N831DL,B738,KORD,KLGA,1717502351,1717509869,1717455600
DAL360,DL360,dld1f,N312DL,B738,KORD,KLGA,1717510064,1717517650,1717455600
DAL370,DL370,dl1bad,N154DL,B738,KORD,KLGA,1717516727,1717524063,1717455600
UAL220,UA220,ua1365,N384UA,B738,KORD,KLGA,1717479187,1717486852,1717455600
UAL230,UA230,ua2016,N397UA,B738,KORD,KLGA,1717486760,1717494150,1717455600
UAL250,UA250,ua20e6,N446UA,B738,KORD,KLGA,1717505098,1717513144,1717455600
UAL260,UA260,ua124d,N496UA,B738,KORD,KLGA,1717507154,1717515118,1717455600
UAL270,UA270,ua12ba,N255UA,B738,KORD,KLGA,1717515805,1717523397,1717455600
UAL280,UA280,ua184a,N884UA,B738,KORD,KLGA,1717522637,1717530314,1717455600
AAL140,AA140,aac93,N499AA,B738,KMIA,KATL,1717491483,1717497981,1717455600
AAL150,AA150,aa1772,N508AA,B738,KMIA,KATL,1717502132,1717508977,1717455600
AAL160,AA160,aa69f,N603AA,B738,KMIA,KATL,1717513087,1717520384,1717455600
AAL170,AA170,aa101a,N349AA,B738,KMIA,KATL,1717521788,1717527898,1717455600
DAL330,DL330,dl8c6,N723DL,B738,KMIA,KATL,1717477507,1717484716,1717455600
DAL340,DL340,dl1c85,N509DL,B738,KMIA,KATL,1717486981,1717493539,1717455600
DAL350,DL350,dl1706,N534DL,B738,KMIA,KATL,1717493670,1717500607,1717455600
DAL360,DL360,dl221a,N136DL,B738,KMIA,KATL,1717504715,1717511163,1717455600
DAL370,DL370,dl78b,N336DL,B738,KMIA,KATL,1717513000,1717519278,1717455600
DAL380,DL380,dl1cb4,N557DL,B738,KMIA,KATL,1717523765,1717530028,1717455600
AAL110,AA110,aa1996,N133AA,B77W,KJFK,EGLL,1717489385,1717514090,1717455600
AAL120,AA120,aaea3,N655AA,B77W,KJFK,EGLL,1717524700,1717550173,1717455600
AAL130,AA130,aa1620,N540AA,B77W,KJFK,EGLL,1717532908,1717558073,1717455600
DAL310,DL310,dlbab,N587DL,B77W,KJFK,EGLL,1717526546,1717551460,1717455600
DAL320,DL320,dl20ec,N792DL,B77W,KJFK,EGLL,1717535940,1717560532,1717455600
BAW180,BA180,ba1a27,N147BA,B77W,KJFK,EGLL,1717484551,1717509819,1717455600
BAW190,BA190,ba1e9a,N673BA,B77W,KJFK,EGLL,1717523583,1717548724,1717455600
BAW200,BA200,ba25e5,N110BA,B77W,KJFK,EGLL,1717528029,1717553463,1717455600
BAW210,BA210,ba2210,N518BA,B77W,KJFK,EGLL,1717538073,1717563234,1717455600
DAL350,DL350,dl1ea3,N251DL,B77W,KBOS,EGLL,1717523541,1717548009,1717455600
BAW220,BA220,ba23a8,N886BA,B77W,KBOS,EGLL,1717525631,1717550203,1717455600
BAW230,BA230,ba1461,N388BA,B77W,KBOS,EGLL,1717533354,1717557759,1717455600
UAL260,UA260,ua17e8,N352UA,B77W,KORD,LFPG,1717523791,1717553128,1717455600
AFR140,AF140,af189c,N539AF,B77W,KORD,LFPG,1717517205,1717546500,1717455600
UAL11,UA11,ua107f,N792UA,B77W,KSFO,WSSS,1717539609,1717600685,1717455600
SIA50,SQ50,sq4c7,N915SQ,B77W,KSFO,WSSS,1717536807,1717596826,1717455600
BAW310,BA310,ba1725,N375BA,B738,EGLL,LFPG,1717483201,1717488000,1717455600
BAW320,BA320,ba2141,N612BA,B738,EGLL,LFPG,1717498463,1717503081,1717455600
BAW330,BA330,ba9cf,N317BA,B738,EGLL,LFPG,1717510293,1717515307,1717455600
BAW340,BA340,ba174c,N912BA,B738,EGLL,LFPG,1717525063,1717529045,1717455600
AFR1690,AF1690,af1335,N335AF,B738,EGLL,LFPG,1717478391,1717482995,1717455600
AFR1700,AF1700,af1674,N687AF,B738,EGLL,LFPG,1717494648,1717499164,1717455600
AFR1710,AF1710,af2600,N211AF,B738,EGLL,LFPG,1717511629,1717515680,1717455600
AFR1720,AF1720,af18dd,N518AF,B738,EGLL,LFPG,1717520426,1717525238,1717455600
BAW910,BA910,ba597,N633BA,B738,EGLL,EDDF,1717483248,1717488927,1717455600
BAW920,BA920,ba22dd,N526BA,B738,EGLL,EDDF,1717495904,1717501598,1717455600
BAW930,BA930,ba1fa0,N618BA,B738,EGLL,EDDF,1717512995,1717518951,1717455600
BAW940,BA940,ba178f,N491BA,B738,EGLL,EDDF,1717524389,1717530398,1717455600
DLH910,LH910,lh10ae,N329LH,B738,EGLL,EDDF,1717479604,1717485682,1717455600
DLH920,LH920,lhba5,N962LH,B738,EGLL,EDDF,1717486174,1717492027,1717455600
DLH930,LH930,lh8f0,N118LH,B738,EGLL,EDDF,1717508274,1717513620,1717455600
DLH940,LH940,lh825,N334LH,B738,EGLL,EDDF,1717520533,1717525562,1717455600
AAL110,AA110,aa1c4d,N141AA,B738,KJFK,KLAX,1717563899,1717585496,1717542000
AAL120,AA120,aa61f,N917AA,B738,KJFK,KLAX,1717578031,1717599390,1717542000
AAL130,AA130,aa15fe,N384AA,B738,KJFK,KLAX,1717587852,1717609572,1717542000
AAL140,AA140,aa1fd6,N449AA,B738,KJFK,KLAX,1717604147,1717625793,1717542000
AAL150,AA150,aa1fc2,N350AA,B738,KJFK,KLAX,1717616985,1717638446,1717542000
DAL310,DL310,dl1844,N444DL,B738,KJFK,KLAX,1717567456,1717588426,1717542000
DAL320,DL320,dlc05,N772DL,B738,KJFK,KLAX,1717579163,1717600296,1717542000
DAL330,DL330,dl96c,N440DL,B738,KJFK,KLAX,1717595740,1717616480,1717542000
DAL340,DL340,dl1749,N121DL,B738,KJFK,KLAX,1717607418,1717628639,1717542000
DAL350,DL350,dlb04,N717DL,B738,KJFK,KLAX,1717619362,1717640607,1717542000
JBU510,B6510,b618d2,N732B6,B738,KJFK,KLAX,1717570993,1717592959,1717542000
JBU530,B6530,b61cc3,N867B6,B738,KJFK,KLAX,1717598566,1717619762,1717542000
JBU540,B6540,b62098,N393B6,B738,KJFK,KLAX,1717613813,1717636025,1717542000
DAL420,DL420,dl22b4,N149DL,B738,KBOS,KSFO,1717584989,1717607689,1717542000
DAL430,DL430,dl1332,N213DL,B738,KBOS,KSFO,1717598379,1717622200,1717542000
UAL220,UA220,ua1e8c,N805UA,B738,KBOS,KSFO,1717579716,1717601936,1717542000
UAL230,UA230,ua1f38,N776UA,B738,KBOS,KSFO,1717596884,1717619307,1717542000
UAL240,UA240,ua15f4,N228UA,B738,KBOS,KSFO,1717606862,1717629538,1717542000
JBU610,B6610,b61c03,N880B6,B738,KBOS,KSFO,1717572179,1717595158,1717542000
JBU620,B6620,b619dc,N523B6,B738,KBOS,KSFO,1717588541,1717610771,1717542000
JBU630,B6630,b6126d,N352B6,B738,KBOS,KSFO,1717612663,1717635327,1717542000
AAL120,AA120,aa1bc0,N609AA,B738,KORD,KLGA,1717564098,1717572062,1717542000
AAL130,AA130,aa25c6,N508AA,B738,KORD,KLGA,1717571385,1717579619,1717542000
AAL140,AA140,aa1923,N453AA,B738,KORD,KLGA,1717578050,1717586177,1717542000
AAL150,AA150,aa429,N476AA,B738,KORD,KLGA,1717591121,1717598960,1717542000
AAL160,AA160,aa20c3,N433AA,B738,KORD,KLGA,1717593622,1717602048,1717542000
AAL170,AA170,aa212e,N847AA,B738,KORD,KLGA,1717599901,1717608299,1717542000
DAL320,DL320,dlbeb,N491DL,B738,KORD,KLGA,1717568986,1717575870,1717542000
DAL330,DL330,dl1a07,N855DL,B738,KORD,KLGA,1717573569,1717581469,1717542000
DAL340,DL340,dl736,N983DL,B738,KORD,KLGA,1717581700,1717589183,1717542000
DAL350,DL350,dl20be,N665DL,B738,KORD,KLGA,1717589328,1717596618,1717542000
DAL360,DL360,dl18b6,N722DL,B738,KORD,KLGA,1717597198,1717604846,1717542000
DAL370,DL370,dl7e6,N866DL,B738,KORD,KLGA,1717602879,1717611174,1717542000
UAL220,UA220,ua1459,N884UA,B738,KORD,KLGA,1717566443,1717574328,1717542000
UAL230,UA230,ua13bc,N684UA,B738,KORD,KLGA,1717573730,1717581072,1717542000
UAL240,UA240,ua685,N299UA,B738,KORD,KLGA,1717579536,1717587662,1717542000
UAL250,UA250,ua2296,N397UA,B738,KORD,KLGA,1717587977,1717595934,1717542000
UAL260,UA260,ua1afa,N302UA,B738,KORD,KLGA,1717595477,1717603928,1717542000
UAL270,UA270,uaf87,N200UA,B738,KORD,KLGA,1717603148,1717611077,1717542000
UAL280,UA280,uacd4,N796UA,B738,KORD,KLGA,1717608437,1717616244,1717542000
AAL130,AA130,aac5a,N721AA,B738,KMIA,KATL,1717570116,1717576550,1717542000
AAL140,AA140,aa146a,N224AA,B738,KMIA,KATL,1717577264,1717583779,1717542000
AAL150,AA150,aa20af,N265AA,B738,KMIA,KATL,1717585632,1717592599,1717542000
AAL160,AA160,aa1aa3,N216AA,B738,KMIA,KATL,1717599479,1717606651,1717542000
AAL170,AA170,aab9e,N605AA,B738,KMIA,KATL,1717606296,1717613380,1717542000
DAL330,DL330,dl191e,N882DL,B738,KMIA,KATL,1717564695,1717571369,1717542000
DAL340,DL340,dleba,N982DL,B738,KMIA,KATL,1717571939,1717578788,1717542000
DAL350,DL350,dl1ee7,N273DL,B738,KMIA,KATL,1717581954,1717588451,1717542000
DAL360,DL360,dl3f1,N825DL,B738,KMIA,KATL,1717591982,1717599270,1717542000
DAL370,DL370,dl2348,N357DL,B738,KMIA,KATL,1717600670,1717607735,1717542000
DAL380,DL380,dl1783,N969DL,B738,KMIA,KATL,1717609191,1717616006,1717542000
AAL110,AA110,aaf72,N604AA,B77W,KJFK,EGLL,1717575314,1717600437,1717542000
AAL120,AA120,aac18,N664AA,B77W,KJFK,EGLL,1717611709,1717635950,1717542000
AAL130,AA130,aa17f4,N233AA,B77W,KJFK,EGLL,1717620755,1717645600,1717542000
DAL310,DL310,dl45f,N241DL,B77W,KJFK,EGLL,1717613933,1717638919,1717542000
DAL320,DL320,dl17c7,N840DL,B77W,KJFK,EGLL,1717620582,1717646499,1717542000
BAW180,BA180,baaf5,N378BA,B77W,KJFK,EGLL,1717571261,1717596285,1717542000
BAW190,BA190,ba18f9,N290BA,B77W,KJFK,EGLL,1717611088,1717635898,1717542000
BAW200,BA200,ba4b4,N762BA,B77W,KJFK,EGLL,1717616292,1717641830,1717542000
BAW210,BA210,ba1605,N526BA,B77W,KJFK,EGLL,1717623842,1717649070,1717542000
DAL350,DL350,dl1c0e,N866DL,B77W,KBOS,EGLL,1717611856,1717635788,1717542000
BAW220,BA220,ba1c4f,N635BA,B77W,KBOS,EGLL,1717612719,1717636674,1717542000
BAW230,BA230,bac06,N185BA,B77W,KBOS,EGLL,1717621374,1717644960,1717542000
UAL260,UA260,uac85,N838UA,B77W,KORD,LFPG,1717612169,1717641547,1717542000
AFR140,AF140,af1c9b,N613AF,B77W,KORD,LFPG,1717605669,1717634915,1717542000
UAL11,UA11,ua22ed,N632UA,B77W,KSFO,WSSS,1717622722,1717684442,1717542000
SIA40,SQ40,sq11eb,N659SQ,B77W,KSFO,WSSS,1717580907,1717641835,1717542000
SIA50,SQ50,sq1a0c,N784SQ,B77W,KSFO,WSSS,1717621728,1717682662,1717542000
BAW310,BA310,ba16d3,N941BA,B738,EGLL,LFPG,1717568653,1717573015,1717542000
BAW320,BA320,baadf,N949BA,B738,EGLL,LFPG,1717583405,1717587275,1717542000
BAW330,BA330,ba1e09,N977BA,B738,EGLL,LFPG,1717597773,1717601820,1717542000
BAW340,BA340,baff3,N825BA,B738,EGLL,LFPG,1717611140,1717615764,1717542000
AFR1690,AF1690,af2584,N737AF,B738,EGLL,LFPG,1717564932,1717569817,1717542000
AFR1700,AF1700,af6ea,N977AF,B738,EGLL,LFPG,1717581270,1717585990,1717542000
AFR1710,AF1710,af17c6,N767AF,B738,EGLL,LFPG,1717596680,1717601611,1717542000
AFR1720,AF1720,af1b59,N169AF,B738,EGLL,LFPG,1717606953,1717611466,1717542000
BAW910,BA910,ba6a1,N848BA,B738,EGLL,EDDF,1717570294,1717575418,1717542000
BAW920,BA920,ba951,N672BA,B738,EGLL,EDDF,1717584162,1717589931,1717542000
BAW930,BA930,ba7fe,N964BA,B738,EGLL,EDDF,1717598548,1717605014,1717542000
BAW940,BA940,ba1fd5,N304BA,B738,EGLL,EDDF,1717609905,1717615279,1717542000
DLH910,LH910,lh23e6,N427LH,B738,EGLL,EDDF,1717566753,1717572785,1717542000
DLH920,LH920,lhd6f,N544LH,B738,EGLL,EDDF,1717571729,1717577993,1717542000
DLH930,LH930,lh25a8,N456LH,B738,EGLL,EDDF,1717593743,1717599457,1717542000
DLH940,LH940,lhcc6,N709LH,B738,EGLL,EDDF,1717608184,1717613738,1717542000
AAL110,AA110,aa737,N342AA,B738,KJFK,KLAX,1717649911,1717671738,1717628400
AAL120,AA120,aa453,N224AA,B738,KJFK,KLAX,1717662161,1717683414,1717628400
AAL130,AA130,aa1447,N571AA,B738,KJFK,KLAX,1717675324,1717696942,1717628400
AAL140,AA140,aa1fed,N778AA,B738,KJFK,KLAX,1717700244,1717721878,1717628400
AAL150,AA150,aae6f,N335AA,B738,KJFK,KLAX,1717704791,1717725786,1717628400
DAL310,DL310,dl1227,N921DL,B738,KJFK,KLAX,1717653104,1717674291,1717628400
DAL320,DL320,dl24a0,N369DL,B738,KJFK,KLAX,1717665554,1717686165,1717628400
DAL330,DL330,dlbd6,N826DL,B738,KJFK,KLAX,1717682342,1717703778,1717628400
DAL340,DL340,dl24d1,N608DL,B738,KJFK,KLAX,1717694160,1717715462,1717628400
DAL350,DL350,dl186b,N274DL,B738,KJFK,KLAX,1717705335,1717726342,1717628400
JBU510,B6510,b613f0,N621B6,B738,KJFK,KLAX,1717659518,1717681264,1717628400
JBU520,B6520,b61d73,N914B6,B738,KJFK,KLAX,1717670133,1717692502,1717628400
JBU530,B6530,b61f88,N726B6,B738,KJFK,KLAX,1717684314,1717706463,1717628400
JBU540,B6540,b617eb,N411B6,B738,KJFK,KLAX,1717700262,1717721621,1717628400
DAL410,DL410,dl2151,N798DL,B738,KBOS,KSFO,1717656606,1717679623,1717628400
DAL420,DL420,dl1743,N880DL,B738,KBOS,KSFO,1717670424,1717692791,1717628400
DAL430,DL430,dl656,N870DL,B738,KBOS,KSFO,1717686221,1717709574,1717628400
UAL210,UA210,ua627,N354UA,B738,KBOS,KSFO,1717651147,1717673753,1717628400
UAL220,UA220,ua9a4,N472UA,B738,KBOS,KSFO,1717665213,1717687639,1717628400
UAL230,UA230,ua24c3,N865UA,B738,KBOS,KSFO,1717679278,1717701976,1717628400
UAL240,UA240,ua1480,N445UA,B738,KBOS,KSFO,1717691820,1717714464,1717628400
JBU610,B6610,b6245f,N356B6,B738,KBOS,KSFO,1717660214,1717682786,1717628400
JBU620,B6620,b6932,N994B6,B738,KBOS,KSFO,1717675490,1717698725,1717628400
JBU630,B6630,b624e7,N372B6,B738,KBOS,KSFO,1717695109,1717717698,1717628400
AAL120,AA120,aabdc,N351AA,B738,KORD,KLGA,1717651320,1717659473,1717628400
AAL130,AA130,aa11fa,N755AA,B738,KORD,KLGA,1717658826,1717666544,1717628400
AAL140,AA140,aa2330,N397AA,B738,KORD,KLGA,1717663878,1717672106,1717628400
AAL150,AA150,aa23bc,N962AA,B738,KORD,KLGA,1717675143,1717682466,1717628400
AAL160,AA160,aa6c0,N613AA,B738,KORD,KLGA,1717679169,1717687626,1717628400
AAL170,AA170,aad42,N296AA,B738,KORD,KLGA,1717688930,1717697074,1717628400
AAL180,AA180,aa1e95,N516AA,B738,KORD,KLGA,1717693046,1717700785,1717628400
DAL320,DL320,dlc63,N225DL,B738,KORD,KLGA,1717653176,1717660834,1717628400
DAL330,DL330,dlda6,N787DL,B738,KORD,KLGA,1717661331,1717668870,1717628400
DAL340,DL340,dl76e,N348DL,B738,KORD,KLGA,1717671435,1717679294,1717628400
DAL350,DL350,dl2017,N985DL,B738,KORD,KLGA,1717677199,1717684850,1717628400
DAL360,DL360,dl1da2,N978DL,B738,KORD,KLGA,1717684518,1717692192,1717628400
DAL370,DL370,dl4f2,N575DL,B738,KORD,KLGA,1717693162,1717701136,1717628400
UAL220,UA220,ua626,N839UA,B738,KORD,KLGA,1717650420,1717658446,1717628400
UAL230,UA230,ua517,N333UA,B738,KORD,KLGA,1717657812,1717665797,1717628400
UAL240,UA240,ua1d81,N779UA,B738,KORD,KLGA,1717665876,1717674108,1717628400
UAL250,UA250,ua1c00,N868UA,B738,KORD,KLGA,1717675171,1717683226,1717628400
UAL260,UA260,ua605,N102UA,B738,KORD,KLGA,1717681005,1717688802,1717628400
UAL270,UA270,ua1004,N261UA,B738,KORD,KLGA,1717690137,1717698070,1717628400
UAL280,UA280,ua1ff0,N616UA,B738,KORD,KLGA,1717700256,1717708825,1717628400
AAL130,AA130,aa552,N387AA,B738,KMIA,KATL,1717656044,1717662987,1717628400
AAL140,AA140,aa21ab,N707AA,B738,KMIA,KATL,1717666653,1717673184,1717628400
AAL150,AA150,aaf60,N191AA,B738,KMIA,KATL,1717675935,1717683388,1717628400
AAL160,AA160,aac0f,N594AA,B738,KMIA,KATL,1717685393,1717691701,1717628400
DAL330,DL330,dl79c,N356DL,B738,KMIA,KATL,1717651001,1717657814,1717628400
DAL340,DL340,dl1f5b,N914DL,B738,KMIA,KATL,1717657752,1717664597,1717628400
DAL350,DL350,dl1d28,N225DL,B738,KMIA,KATL,1717668466,1717674988,1717628400
DAL360,DL360,dl2063,N547DL,B738,KMIA,KATL,1717678281,1717684356,1717628400
DAL370,DL370,dl1417,N561DL,B738,KMIA,KATL,1717688527,1717695638,1717628400
DAL380,DL380,dl1a57,N311DL,B738,KMIA,KATL,1717696155,1717702884,1717628400
AAL110,AA110,aa1701,N263AA,B77W,KJFK,EGLL,1717663020,1717688097,1717628400
AAL120,AA120,aa1c6c,N916AA,B77W,KJFK,EGLL,1717696743,1717721692,1717628400
AAL130,AA130,aa1928,N250AA,B77W,KJFK,EGLL,1717707707,1717732360,1717628400
DAL310,DL310,dl24d8,N428DL,B77W,KJFK,EGLL,1717699841,1717725020,1717628400
DAL320,DL320,dl244c,N365DL,B77W,KJFK,EGLL,1717709179,1717734324,1717628400
BAW180,BA180,ba17ce,N821BA,B77W,KJFK,EGLL,1717657701,1717682644,1717628400
BAW190,BA190,bab8b,N119BA,B77W,KJFK,EGLL,1717695211,1717720957,1717628400
BAW210,BA210,ba473,N303BA,B77W,KJFK,EGLL,1717708446,1717733702,1717628400
DAL350,DL350,dl922,N195DL,B77W,KBOS,EGLL,1717697681,1717721888,1717628400
BAW220,BA220,ba1025,N923BA,B77W,KBOS,EGLL,1717692738,1717716909,1717628400
BAW230,BA230,ba9cc,N965BA,B77W,KBOS,EGLL,1717707060,1717730885,1717628400
UAL260,UA260,uac98,N326UA,B77W,KORD,LFPG,1717697305,1717726871,1717628400
AFR140,AF140,af4e5,N118AF,B77W,KORD,LFPG,1717692884,1717722240,1717628400
SIA40,SQ40,sqc14,N982SQ,B77W,KSFO,WSSS,1717665683,1717726714,1717628400
SIA50,SQ50,sq242d,N494SQ,B77W,KSFO,WSSS,1717708625,1717769793,1717628400
BAW310,BA310,babd1,N534BA,B738,EGLL,LFPG,1717656696,1717660497,1717628400
BAW320,BA320,ba2140,N683BA,B738,EGLL,LFPG,1717669523,1717674038,1717628400
BAW330,BA330,ba21ec,N209BA,B738,EGLL,LFPG,1717683303,1717687385,1717628400
BAW340,BA340,ba1207,N798BA,B738,EGLL,LFPG,1717700528,1717704844,1717628400
AFR1690,AF1690,af15bc,N254AF,B738,EGLL,LFPG,1717653701,1717657894,1717628400
AFR1700,AF1700,af2223,N736AF,B738,EGLL,LFPG,1717666999,1717671303,1717628400
AFR1710,AF1710,af1da5,N291AF,B738,EGLL,LFPG,1717681608,1717685696,1717628400
AFR1720,AF1720,af5e2,N970AF,B738,EGLL,LFPG,1717694652,1717699034,1717628400
BAW910,BA910,ba258b,N631BA,B738,EGLL,EDDF,1717655606,1717661107,1717628400
BAW920,BA920,ba63b,N874BA,B738,EGLL,EDDF,1717670010,1717675166,1717628400
BAW930,BA930,ba7ae,N889BA,B738,EGLL,EDDF,1717688015,1717692892,1717628400
BAW940,BA940,ba25b0,N851BA,B738,EGLL,EDDF,1717701809,1717707029,1717628400
DLH910,LH910,lh120a,N429LH,B738,EGLL,EDDF,1717652877,1717658346,1717628400
DLH920,LH920,lh1ee8,N502LH,B738,EGLL,EDDF,1717659749,1717665307,1717628400
DLH930,LH930,lh1a84,N681LH,B738,EGLL,EDDF,1717678618,1717683602,1717628400
DLH940,LH940,lhc07,N444LH,B738,EGLL,EDDF,1717690570,1717695642,1717628400
AAL110,AA110,aa1c6b,N368AA,B738,KJFK,KLAX,1717738218,1717759848,1717714800
AAL120,AA120,aa1fd7,N257AA,B738,KJFK,KLAX,1717747562,1717769143,1717714800
AAL130,AA130,aa1f7f,N911AA,B738,KJFK,KLAX,1717761379,1717782793,1717714800
AAL140,AA140,aae73,N813AA,B738,KJFK,KLAX,1717777865,1717799094,1717714800
AAL150,AA150,aa9d2,N951AA,B738,KJFK,KLAX,1717788580,1717810519,1717714800
DAL310,DL310,dl1fd4,N165DL,B738,KJFK,KLAX,1717740568,1717762179,1717714800
DAL320,DL320,dl2625,N838DL,B738,KJFK,KLAX,1717751851,1717773458,1717714800
DAL330,DL330,dl15d5,N169DL,B738,KJFK,KLAX,1717768008,1717790313,1717714800
DAL340,DL340,dl1857,N298DL,B738,KJFK,KLAX,1717780554,1717802377,1717714800
DAL350,DL350,dl115a,N395DL,B738,KJFK,KLAX,1717791262,1717812618,1717714800
JBU510,B6510,b61c5b,N255B6,B738,KJFK,KLAX,1717744356,1717766345,1717714800
JBU520,B6520,b61851,N193B6,B738,KJFK,KLAX,1717755805,1717777541,1717714800
JBU530,B6530,b61267,N651B6,B738,KJFK,KLAX,1717769523,1717791295,1717714800
JBU540,B6540,b6136b,N806B6,B738,KJFK,KLAX,1717784739,1717806815,1717714800
DAL410,DL410,dl2135,N953DL,B738,KBOS,KSFO,1717743960,1717766884,1717714800
DAL420,DL420,dl22ef,N601DL,B738,KBOS,KSFO,1717756363,1717779922,1717714800
DAL430,DL430,dlaa8,N884DL,B738,KBOS,KSFO,1717770464,1717793475,1717714800
UAL210,UA210,ua86b,N457UA,B738,KBOS,KSFO,1717738027,1717761011,1717714800
UAL220,UA220,ua1513,N122UA,B738,KBOS,KSFO,1717751724,1717774353,1717714800
UAL230,UA230,ua1b14,N701UA,B738,KBOS,KSFO,1717766444,1717789070,1717714800
UAL240,UA240,ua236a,N269UA,B738,KBOS,KSFO,1717780052,1717802956,1717714800
JBU610,B6610,b61b52,N116B6,B738,KBOS,KSFO,1717745816,1717767883,1717714800
JBU620,B6620,b66c6,N256B6,B738,KBOS,KSFO,1717764911,1717787661,1717714800
JBU630,B6630,b618dd,N349B6,B738,KBOS,KSFO,1717782115,1717805468,1717714800
AAL120,AA120,aa16e7,N568AA,B738,KORD,KLGA,1717734214,1717742726,1717714800
AAL130,AA130,aa206a,N328AA,B738,KORD,KLGA,1717745739,1717754321,1717714800
AAL140,AA140,aa1e85,N128AA,B738,KORD,KLGA,1717750004,1717758409,1717714800
AAL150,AA150,aa17a2,N838AA,B738,KORD,KLGA,1717757452,1717765340,1717714800
AAL160,AA160,aa2313,N651AA,B738,KORD,KLGA,1717765306,1717773639,1717714800
AAL170,AA170,aa634,N882AA,B738,KORD,KLGA,1717774094,1717781882,1717714800
AAL180,AA180,aa20df,N249AA,B738,KORD,KLGA,1717780924,1717789063,1717714800
DAL320,DL320,dl4c5,N264DL,B738,KORD,KLGA,1717739369,1717747379,1717714800
DAL330,DL330,dl1728,N289DL,B738,KORD,KLGA,1717747857,1717755202,1717714800
DAL340,DL340,dl175d,N483DL,B738,KORD,KLGA,1717754730,1717761926,1717714800
DAL350,DL350,dl48b,N819DL,B738,KORD,KLGA,1717763135,1717770906,1717714800
DAL360,DL360,dl184a,N503DL,B738,KORD,KLGA,1717770521,1717777975,1717714800
DAL370,DL370,dl74a,N377DL,B738,KORD,KLGA,1717777218,1717784646,1717714800
UAL220,UA220,ua1f4b,N785UA,B738,KORD,KLGA,1717740704,1717749051,1717714800
UAL230,UA230,ua1bcf,N510UA,B738,KORD,KLGA,1717747058,1717755788,1717714800
UAL240,UA240,uabbe,N743UA,B738,KORD,KLGA,1717757033,1717764845,1717714800
UAL250,UA250,ua565,N396UA,B738,KORD,KLGA,1717760512,1717768041,1717714800
UAL260,UA260,ua192c,N393UA,B738,KORD,KLGA,1717766086,1717774390,1717714800
UAL270,UA270,ua1811,N869UA,B738,KORD,KLGA,1717776884,1717784614,1717714800
UAL280,UA280,ua17f0,N283UA,B738,KORD,KLGA,1717782769,1717790714,1717714800
AAL130,AA130,aaec8,N376AA,B738,KMIA,KATL,1717740628,1717747423,1717714800
AAL140,AA140,aa7c3,N187AA,B738,KMIA,KATL,1717749193,1717756543,1717714800
AAL150,AA150,aa233e,N439AA,B738,KMIA,KATL,1717760849,1717767373,1717714800
AAL160,AA160,aa1a78,N481AA,B738,KMIA,KATL,1717771416,1717778628,1717714800
AAL170,AA170,aac54,N499AA,B738,KMIA,KATL,1717777525,1717784432,1717714800
DAL330,DL330,dl1dcd,N440DL,B738,KMIA,KATL,1717744259,1717751579,1717714800
DAL340,DL340,dl582,N659DL,B738,KMIA,KATL,1717745488,1717752342,1717714800
DAL350,DL350,dl20ce,N959DL,B738,KMIA,KATL,1717756052,1717762939,1717714800
DAL360,DL360,dl1b50,N319DL,B738,KMIA,KATL,1717762189,1717768583,1717714800
DAL370,DL370,dl192a,N990DL,B738,KMIA,KATL,1717771769,1717778914,1717714800
DAL380,DL380,dl10f4,N669DL,B738,KMIA,KATL,1717781318,1717787667,1717714800
AAL110,AA110,aa15b2,N498AA,B77W,KJFK,EGLL,1717747946,1717772721,1717714800
AAL130,AA130,aa1fcd,N427AA,B77W,KJFK,EGLL,1717794606,1717818979,1717714800
DAL310,DL310,dl1acc,N190DL,B77W,KJFK,EGLL,1717785452,1717810816,1717714800
DAL320,DL320,dl4bd,N609DL,B77W,KJFK,EGLL,1717793987,1717819647,1717714800
BAW180,BA180,ba23f5,N431BA,B77W,KJFK,EGLL,1717743157,1717767921,1717714800
BAW190,BA190,ba20fe,N632BA,B77W,KJFK,EGLL,1717782131,1717806971,1717714800
BAW200,BA200,ba16cf,N674BA,B77W,KJFK,EGLL,1717789861,1717814856,1717714800
BAW210,BA210,ba2370,N526BA,B77W,KJFK,EGLL,1717795975,1717821018,1717714800
DAL350,DL350,dl1bc3,N510DL,B77W,KBOS,EGLL,1717788206,1717812308,1717714800
BAW220,BA220,ba59c,N697BA,B77W,KBOS,EGLL,1717781296,1717804726,1717714800
BAW230,BA230,bacfc,N662BA,B77W,KBOS,EGLL,1717792881,1717816851,1717714800
UAL260,UA260,ua2388,N242UA,B77W,KORD,LFPG,1717782536,1717812155,1717714800
AFR140,AF140,af1ce5,N838AF,B77W,KORD,LFPG,1717778972,1717808409,1717714800
UAL11,UA11,ua1703,N116UA,B77W,KSFO,WSSS,1717798268,1717859548,1717714800
SIA40,SQ40,sq5c6,N755SQ,B77W,KSFO,WSSS,1717752801,1717813725,1717714800
SIA50,SQ50,sq1b52,N367SQ,B77W,KSFO,WSSS,1717794817,1717855045,1717714800
BAW310,BA310,ba1db3,N514BA,B738,EGLL,LFPG,1717743608,1717747788,1717714800
BAW320,BA320,ba14e7,N327BA,B738,EGLL,LFPG,1717752276,1717756048,1717714800
BAW330,BA330,ba4c4,N604BA,B738,EGLL,LFPG,1717771545,1717775972,1717714800
BAW340,BA340,ba436,N563BA,B738,EGLL,LFPG,1717783729,1717787891,1717714800
AFR1690,AF1690,af169b,N441AF,B738,EGLL,LFPG,1717738089,1717742833,1717714800
AFR1700,AF1700,af8ec,N338AF,B738,EGLL,LFPG,1717752300,1717756898,1717714800
AFR1710,AF1710,af17fb,N285AF,B738,EGLL,LFPG,1717769078,1717773518,1717714800
AFR1720,AF1720,af14b9,N841AF,B738,EGLL,LFPG,1717779003,1717783580,1717714800
BAW920,BA920,ba83d,N927BA,B738,EGLL,EDDF,1717761355,1717766861,1717714800
BAW930,BA930,ba1885,N175BA,B738,EGLL,EDDF,1717775021,1717780044,1717714800
BAW940,BA940,ba564,N362BA,B738,EGLL,EDDF,1717783994,1717789807,1717714800
DLH910,LH910,lh26ef,N901LH,B738,EGLL,EDDF,1717746240,1717751775,1717714800
DLH920,LH920,lh767,N725LH,B738,EGLL,EDDF,1717748606,1717753381,1717714800
DLH930,LH930,lh969,N969LH,B738,EGLL,EDDF,1717765916,1717771106,1717714800
DLH940,LH940,lh89b,N852LH,B738,EGLL,EDDF,1717781845,1717787056,1717714800
AAL110,AA110,aabf5,N510AA,B738,KJFK,KLAX,1717827795,1717849099,1717801200
AAL120,AA120,aa2689,N995AA,B738,KJFK,KLAX,1717835194,1717856910,1717801200
AAL130,AA130,aa19f5,N984AA,B738,KJFK,KLAX,1717847399,1717869167,1717801200
AAL140,AA140,aa13a2,N327AA,B738,KJFK,KLAX,1717864350,1717886271,1717801200
AAL150,AA150,aaf0c,N670AA,B738,KJFK,KLAX,1717873740,1717895549,1717801200
DAL310,DL310,dl22b5,N446DL,B738,KJFK,KLAX,1717826641,1717848048,1717801200
DAL320,DL320,dl7ea,N413DL,B738,KJFK,KLAX,1717837909,1717859526,1717801200
DAL340,DL340,dl1f9e,N910DL,B738,KJFK,KLAX,1717866095,1717887443,1717801200
DAL350,DL350,dl1eb1,N826DL,B738,KJFK,KLAX,1717878806,1717899805,1717801200
JBU510,B6510,b6fb0,N163B6,B738,KJFK,KLAX,1717832004,1717854394,1717801200
JBU520,B6520,b620db,N229B6,B738,KJFK,KLAX,1717846113,1717868289,1717801200
JBU530,B6530,b6184e,N865B6,B738,KJFK,KLAX,1717858333,1717879668,1717801200
JBU540,B6540,b6d50,N977B6,B738,KJFK,KLAX,1717876857,1717898930,1717801200
DAL410,DL410,dl1e6c,N565DL,B738,KBOS,KSFO,1717830438,1717853421,1717801200
DAL420,DL420,dl206c,N365DL,B738,KBOS,KSFO,1717840707,1717864391,1717801200
DAL430,DL430,dl26c1,N869DL,B738,KBOS,KSFO,1717860981,1717883864,1717801200
UAL210,UA210,ua1067,N943UA,B738,KBOS,KSFO,1717828602,1717851290,1717801200
UAL220,UA220,ua65c,N825UA,B738,KBOS,KSFO,1717836622,1717859807,1717801200
UAL230,UA230,ua14ee,N552UA,B738,KBOS,KSFO,1717853774,1717876519,1717801200
UAL240,UA240,ua23a3,N766UA,B738,KBOS,KSFO,1717866596,1717888868,1717801200
JBU610,B6610,b61811,N206B6,B738,KBOS,KSFO,1717831880,1717855268,1717801200
JBU620,B6620,b6501,N363B6,B738,KBOS,KSFO,1717847709,1717870823,1717801200
JBU630,B6630,b6b4c,N327B6,B738,KBOS,KSFO,1717872400,1717894934,1717801200
AAL120,AA120,aa1a1d,N622AA,B738,KORD,KLGA,1717825272,1717833115,1717801200
AAL130,AA130,aa10ea,N702AA,B738,KORD,KLGA,1717830711,1717839015,1717801200
AAL140,AA140,aa1f72,N750AA,B738,KORD,KLGA,1717839683,1717848359,1717801200
AAL150,AA150,aa9e9,N259AA,B738,KORD,KLGA,1717845723,1717853659,1717801200
AAL160,AA160,aa1616,N151AA,B738,KORD,KLGA,1717853549,1717860729,1717801200
AAL170,AA170,aad30,N166AA,B738,KORD,KLGA,1717861274,1717869136,1717801200
AAL180,AA180,aa1808,N216AA,B738,KORD,KLGA,1717868138,1717876045,1717801200
DAL320,DL320,dl61c,N895DL,B738,KORD,KLGA,1717826190,1717833793,1717801200
DAL330,DL330,dl840,N693DL,B738,KORD,KLGA,1717834146,1717842486,1717801200
DAL340,DL340,dlf07,N506DL,B738,KORD,KLGA,1717840944,1717848569,1717801200
DAL350,DL350,dl90a,N805DL,B738,KORD,KLGA,1717847396,1717855667,1717801200
DAL360,DL360,dldaf,N427DL,B738,KORD,KLGA,1717856112,1717864002,1717801200
DAL370,DL370,dl13c9,N577DL,B738,KORD,KLGA,1717862171,1717869821,1717801200
UAL220,UA220,ua1b90,N710UA,B738,KORD,KLGA,1717825603,1717834022,1717801200
UAL230,UA230,ua259e,N750UA,B738,KORD,KLGA,1717831109,1717839237,1717801200
UAL240,UA240,uad18,N571UA,B738,KORD,KLGA,1717839622,1717847469,1717801200
UAL250,UA250,ua104c,N242UA,B738,KORD,KLGA,1717847246,1717854546,1717801200
UAL260,UA260,uaf8e,N172UA,B738,KORD,KLGA,1717854867,1717863301,1717801200
UAL270,UA270,ua16cc,N909UA,B738,KORD,KLGA,1717861252,1717869763,1717801200
UAL280,UA280,uabd6,N200UA,B738,KORD,KLGA,1717871044,1717878320,1717801200
AAL130,AA130,aa1b00,N315AA,B738,KMIA,KATL,1717828528,1717835176,1717801200
AAL140,AA140,aaa72,N483AA,B738,KMIA,KATL,1717841340,1717847420,1717801200
AAL160,AA160,aa2452,N503AA,B738,KMIA,KATL,1717856155,1717863286,1717801200
AAL170,AA170,aa133e,N500AA,B738,KMIA,KATL,1717865678,1717872193,1717801200
DAL330,DL330,dlcd3,N876DL,B738,KMIA,KATL,1717823946,1717830399,1717801200
DAL340,DL340,dl10af,N991DL,B738,KMIA,KATL,1717833461,1717840300,1717801200
DAL350,DL350,dl6de,N533DL,B738,KMIA,KATL,1717842519,1717849355,1717801200
DAL360,DL360,dl157e,N556DL,B738,KMIA,KATL,1717849439,1717856364,1717801200
DAL370,DL370,dl1222,N464DL,B738,KMIA,KATL,1717859384,1717866396,1717801200
DAL380,DL380,dl24e0,N864DL,B738,KMIA,KATL,1717873796,1717880843,1717801200
AAL110,AA110,aa1770,N412AA,B77W,KJFK,EGLL,1717838527,1717863742,1717801200
AAL120,AA120,aa1617,N462AA,B77W,KJFK,EGLL,1717872903,1717897555,1717801200
AAL130,AA130,aa84f,N770AA,B77W,KJFK,EGLL,1717880255,1717904853,1717801200
DAL310,DL310,dl1366,N357DL,B77W,KJFK,EGLL,1717873567,1717898409,1717801200
DAL320,DL320,dl877,N248DL,B77W,KJFK,EGLL,1717880607,1717905849,1717801200
BAW180,BA180,ba148b,N505BA,B77W,KJFK,EGLL,1717831437,1717856465,1717801200
BAW190,BA190,ba2185,N547BA,B77W,KJFK,EGLL,1717869082,1717894409,1717801200
BAW200,BA200,bad5f,N768BA,B77W,KJFK,EGLL,1717874009,1717898999,1717801200
DAL350,DL350,dl1af0,N854DL,B77W,KBOS,EGLL,1717870425,1717894726,1717801200
BAW220,BA220,ba25f3,N203BA,B77W,KBOS,EGLL,1717869294,1717893299,1717801200
BAW230,BA230,ba1095,N882BA,B77W,KBOS,EGLL,1717881400,1717905693,1717801200
UAL260,UA260,uae26,N881UA,B77W,KORD,LFPG,1717869149,1717898825,1717801200
AFR140,AF140,af1a5f,N463AF,B77W,KORD,LFPG,1717863016,1717892221,1717801200
UAL11,UA11,ua12dd,N780UA,B77W,KSFO,WSSS,1717885690,1717946912,1717801200
SIA40,SQ40,sq1577,N180SQ,B77W,KSFO,WSSS,1717839524,1717900012,1717801200
SIA50,SQ50,sq22b5,N775SQ,B77W,KSFO,WSSS,1717881898,1717942455,1717801200
BAW310,BA310,ba1e00,N265BA,B738,EGLL,LFPG,1717826400,1717831178,1717801200
BAW320,BA320,ba6d1,N526BA,B738,EGLL,LFPG,1717842222,1717846178,1717801200
BAW340,BA340,bab40,N596BA,B738,EGLL,LFPG,1717870391,1717875085,1717801200
AFR1690,AF1690,af2655,N971AF,B738,EGLL,LFPG,1717826450,1717830411,1717801200
AFR1700,AF1700,af1905,N525AF,B738,EGLL,LFPG,1717838210,1717843542,1717801200
AFR1710,AF1710,af12da,N135AF,B738,EGLL,LFPG,1717855382,1717860321,1717801200
AFR1720,AF1720,af67b,N517AF,B738,EGLL,LFPG,1717867151,1717872000,1717801200
BAW910,BA910,ba10b8,N301BA,B738,EGLL,EDDF,1717828724,1717833766,1717801200
BAW920,BA920,ba966,N276BA,B738,EGLL,EDDF,1717843585,1717849915,1717801200
BAW930,BA930,ba1c79,N715BA,B738,EGLL,EDDF,1717862210,1717867589,1717801200
BAW940,BA940,baccb,N267BA,B738,EGLL,EDDF,1717871536,1717877823,1717801200
DLH910,LH910,lh7ec,N657LH,B738,EGLL,EDDF,1717825383,1717831043,1717801200
DLH920,LH920,lh6f7,N961LH,B738,EGLL,EDDF,1717835984,1717841157,1717801200
DLH930,LH930,lh1aa6,N815LH,B738,EGLL,EDDF,1717850407,1717856164,1717801200
DLH940,LH940,lh17d0,N826LH,B738,EGLL,EDDF,1717864245,1717869079,1717801200
AAL110,AA110,aa254f,N725AA,B738,KJFK,KLAX,1717914256,1717936094,1717887600
AAL120,AA120,aac5e,N746AA,B738,KJFK,KLAX,1717922666,1717943685,1717887600
AAL130,AA130,aa98f,N169AA,B738,KJFK,KLAX,1717936837,1717958092,1717887600
AAL140,AA140,aa1247,N425AA,B738,KJFK,KLAX,1717952512,1717973909,1717887600
AAL150,AA150,aa23c8,N482AA,B738,KJFK,KLAX,1717963328,1717984069,1717887600
DAL310,DL310,dl12a0,N503DL,B738,KJFK,KLAX,1717912518,1717933917,1717887600
DAL320,DL320,dl10a3,N961DL,B738,KJFK,KLAX,1717926253,1717947299,1717887600
DAL330,DL330,dl1a4f,N605DL,B738,KJFK,KLAX,1717940765,1717962260,1717887600
DAL340,DL340,dl1df1,N693DL,B738,KJFK,KLAX,1717951823,1717972972,1717887600
DAL350,DL350,dl2046,N757DL,B738,KJFK,KLAX,1717964785,1717985836,1717887600
JBU510,B6510,b622fc,N964B6,B738,KJFK,KLAX,1717918301,1717939561,1717887600
JBU520,B6520,b618c9,N689B6,B738,KJFK,KLAX,1717930530,1717951975,1717887600
JBU530,B6530,b62525,N893B6,B738,KJFK,KLAX,1717945935,1717967401,1717887600
JBU540,B6540,b615c1,N584B6,B738,KJFK,KLAX,1717959215,1717980387,1717887600
DAL410,DL410,dl235e,N256DL,B738,KBOS,KSFO,1717919282,1717941847,1717887600
DAL420,DL420,dl1932,N758DL,B738,KBOS,KSFO,1717929349,1717952045,1717887600
DAL430,DL430,dl12cd,N873DL,B738,KBOS,KSFO,1717946408,1717969355,1717887600
UAL210,UA210,ua96c,N138UA,B738,KBOS,KSFO,1717911922,1717934683,1717887600
UAL220,UA220,ua2293,N821UA,B738,KBOS,KSFO,1717923389,1717946166,1717887600
UAL230,UA230,ua1ba4,N733UA,B738,KBOS,KSFO,1717941794,1717963547,1717887600
UAL240,UA240,ua148d,N294UA,B738,KBOS,KSFO,1717952014,1717974604,1717887600
JBU610,B6610,b694d,N465B6,B738,KBOS,KSFO,1717917160,1717939708,1717887600
JBU620,B6620,b617c0,N430B6,B738,KBOS,KSFO,1717937366,1717960034,1717887600
JBU630,B6630,b61e14,N538B6,B738,KBOS,KSFO,1717955160,1717977412,1717887600
AAL120,AA120,aa16b2,N563AA,B738,KORD,KLGA,1717910182,1717918208,1717887600
AAL130,AA130,aa548,N396AA,B738,KORD,KLGA,1717916513,1717924521,1717887600
AAL140,AA140,aa1168,N577AA,B738,KORD,KLGA,1717924768,1717932084,1717887600
AAL150,AA150,aaad6,N581AA,B738,KORD,KLGA,1717931688,1717939932,1717887600
AAL160,AA160,aab6a,N969AA,B738,KORD,KLGA,1717937815,1717945913,1717887600
AAL170,AA170,aa259d,N586AA,B738,KORD,KLGA,1717946979,1717955336,1717887600
AAL180,AA180,aa1608,N806AA,B738,KORD,KLGA,1717954055,1717962398,1717887600
DAL320,DL320,dlfbb,N939DL,B738,KORD,KLGA,1717913654,1717921586,1717887600
DAL330,DL330,dl1a2c,N938DL,B738,KORD,KLGA,1717921817,1717929487,1717887600
DAL340,DL340,dl148f,N272DL,B738,KORD,KLGA,1717927401,1717935226,1717887600
DAL350,DL350,dl472,N417DL,B738,KORD,KLGA,1717933672,1717941469,1717887600
DAL360,DL360,dlfb4,N183DL,B738,KORD,KLGA,1717941964,1717949986,1717887600
DAL370,DL370,dld89,N205DL,B738,KORD,KLGA,1717950111,1717957664,1717887600
UAL220,UA220,ua129b,N470UA,B738,KORD,KLGA,1717911980,1717920033,1717887600
UAL230,UA230,ua26a0,N964UA,B738,KORD,KLGA,1717916572,1717923936,1717887600
UAL240,UA240,ua7a1,N543UA,B738,KORD,KLGA,1717924079,1717932710,1717887600
UAL250,UA250,ua24b4,N317UA,B738,KORD,KLGA,1717932714,1717941134,1717887600
UAL260,UA260,ua129f,N839UA,B738,KORD,KLGA,1717940557,1717948688,1717887600
UAL270,UA270,ua1642,N536UA,B738,KORD,KLGA,1717949112,1717957026,1717887600
UAL280,UA280,ua219d,N613UA,B738,KORD,KLGA,1717954630,1717962428,1717887600
AAL130,AA130,aafc1,N484AA,B738,KMIA,KATL,1717916478,1717922938,1717887600
AAL140,AA140,aa18ad,N125AA,B738,KMIA,KATL,1717924094,1717930314,1717887600
AAL150,AA150,aae1d,N432AA,B738,KMIA,KATL,1717934336,1717940784,1717887600
AAL160,AA160,aa22f5,N251AA,B738,KMIA,KATL,1717944677,1717951087,1717887600
AAL170,AA170,aa7b4,N312AA,B738,KMIA,KATL,1717952773,1717959641,1717887600
DAL330,DL330,dl1ae9,N482DL,B738,KMIA,KATL,1717910639,1717917446,1717887600
DAL340,DL340,dl412,N506DL,B738,KMIA,KATL,1717917825,1717925377,1717887600
DAL350,DL350,dl173c,N217DL,B738,KMIA,KATL,1717929645,1717936507,1717887600
DAL360,DL360,dl2629,N596DL,B738,KMIA,KATL,1717936845,1717942592,1717887600
DAL370,DL370,dl145e,N704DL,B738,KMIA,KATL,1717947362,1717953212,1717887600
DAL380,DL380,dl237c,N787DL,B738,KMIA,KATL,1717956047,1717962797,1717887600
AAL110,AA110,aa3f3,N413AA,B77W,KJFK,EGLL,1717919457,1717944058,1717887600
AAL120,AA120,aa1894,N528AA,B77W,KJFK,EGLL,1717956650,1717981216,1717887600
AAL130,AA130,aa1935,N726AA,B77W,KJFK,EGLL,1717966474,1717990700,1717887600
DAL310,DL310,dl1523,N894DL,B77W,KJFK,EGLL,1717958111,1717983625,1717887600
DAL320,DL320,dl1c21,N524DL,B77W,KJFK,EGLL,1717966416,1717992564,1717887600
BAW180,BA180,ba1d3d,N873BA,B77W,KJFK,EGLL,1717919003,1717943540,1717887600
BAW190,BA190,ba647,N607BA,B77W,KJFK,EGLL,1717954789,1717979641,1717887600
BAW200,BA200,ba2529,N534BA,B77W,KJFK,EGLL,1717961416,1717986752,1717887600
BAW210,BA210,ba1cbe,N172BA,B77W,KJFK,EGLL,1717969904,1717994375,1717887600
DAL350,DL350,dl2355,N938DL,B77W,KBOS,EGLL,1717957399,1717981782,1717887600
BAW220,BA220,baf74,N396BA,B77W,KBOS,EGLL,1717955713,1717979780,1717887600
BAW230,BA230,ba1c51,N201BA,B77W,KBOS,EGLL,1717965662,1717989504,1717887600
UAL260,UA260,ua1b0f,N949UA,B77W,KORD,LFPG,1717954216,1717983745,1717887600
AFR140,AF140,af629,N890AF,B77W,KORD,LFPG,1717952906,1717982417,1717887600
UAL11,UA11,ua2320,N657UA,B77W,KSFO,WSSS,1717970177,1718031321,1717887600
SIA40,SQ40,sq611,N183SQ,B77W,KSFO,WSSS,1717925812,1717986060,1717887600
SIA50,SQ50,sqe45,N797SQ,B77W,KSFO,WSSS,1717967012,1718027337,1717887600
BAW310,BA310,ba408,N736BA,B738,EGLL,LFPG,1717913919,1717918435,1717887600
BAW320,BA320,ba1891,N759BA,B738,EGLL,LFPG,1717929697,1717934110,1717887600
BAW330,BA330,bacbb,N819BA,B738,EGLL,LFPG,1717941253,1717946586,1717887600
BAW340,BA340,ba5ae,N774BA,B738,EGLL,LFPG,1717956743,1717960920,1717887600
AFR1690,AF1690,af158e,N300AF,B738,EGLL,LFPG,1717910564,1717915784,1717887600
AFR1700,AF1700,af1563,N169AF,B738,EGLL,LFPG,1717925246,1717928793,1717887600
AFR1710,AF1710,af1ce2,N835AF,B738,EGLL,LFPG,1717941034,1717945986,1717887600
AFR1720,AF1720,af1f80,N722AF,B738,EGLL,LFPG,1717954714,1717958646,1717887600
BAW910,BA910,ba1616,N520BA,B738,EGLL,EDDF,1717914625,1717920081,1717887600
BAW920,BA920,baba1,N551BA,B738,EGLL,EDDF,1717930336,1717935872,1717887600
BAW930,BA930,ba126e,N963BA,B738,EGLL,EDDF,1717943995,1717950052,1717887600
BAW940,BA940,ba1af7,N838BA,B738,EGLL,EDDF,1717959477,1717965207,1717887600
DLH910,LH910,lh1162,N664LH,B738,EGLL,EDDF,1717914310,1717919374,1717887600
DLH920,LH920,lh1c41,N903LH,B738,EGLL,EDDF,1717921442,1717926907,1717887600
DLH930,LH930,lh2688,N478LH,B738,EGLL,EDDF,1717937483,1717942830,1717887600
DLH940,LH940,lh2472,N702LH,B738,EGLL,EDDF,1717951839,1717957433,1717887600
AAL110,AA110,aa2628,N200AA,B738,KJFK,KLAX,1717996454,1718017404,1717974000
AAL120,AA120,aa20e3,N263AA,B738,KJFK,KLAX,1718010860,1718031965,1717974000
AAL130,AA130,aa1799,N249AA,B738,KJFK,KLAX,1718020263,1718041977,1717974000
AAL140,AA140,aa13bf,N433AA,B738,KJFK,KLAX,1718038018,1718060025,1717974000
AAL150,AA150,aa1a97,N979AA,B738,KJFK,KLAX,1718046942,1718068468,1717974000
DAL310,DL310,dl18ee,N191DL,B738,KJFK,KLAX,1717999506,1718020998,1717974000
DAL320,DL320,dld07,N690DL,B738,KJFK,KLAX,1718011051,1718032382,1717974000
DAL330,DL330,dl804,N561DL,B738,KJFK,KLAX,1718026452,1718047842,1717974000
DAL340,DL340,dl222a,N216DL,B738,KJFK,KLAX,1718040215,1718062131,1717974000
DAL350,DL350,dl155c,N524DL,B738,KJFK,KLAX,1718051697,1718072710,1717974000
JBU510,B6510,b65a7,N203B6,B738,KJFK,KLAX,1718001711,1718023314,1717974000
JBU520,B6520,b66c8,N679B6,B738,KJFK,KLAX,1718018080,1718039500,1717974000
JBU530,B6530,b61d65,N834B6,B738,KJFK,KLAX,1718030643,1718052040,1717974000
JBU540,B6540,b6242f,N134B6,B738,KJFK,KLAX,1718045126,1718067202,1717974000
DAL410,DL410,dl1007,N964DL,B738,KBOS,KSFO,1718004859,1718026971,1717974000
DAL420,DL420,dl654,N795DL,B738,KBOS,KSFO,1718015037,1718038623,1717974000
DAL430,DL430,dl191b,N904DL,B738,KBOS,KSFO,1718033230,1718056017,1717974000
UAL210,UA210,ua54c,N196UA,B738,KBOS,KSFO,1717997555,1718019990,1717974000
UAL220,UA220,ua8e7,N326UA,B738,KBOS,KSFO,1718010546,1718033809,1717974000
UAL230,UA230,ua2015,N291UA,B738,KBOS,KSFO,1718029253,1718052052,1717974000
UAL240,UA240,ua1a5c,N608UA,B738,KBOS,KSFO,1718038829,1718061385,1717974000
JBU610,B6610,b6590,N984B6,B738,KBOS,KSFO,1718008430,1718031005,1717974000
JBU620,B6620,b6177d,N321B6,B738,KBOS,KSFO,1718019076,1718042091,1717974000
JBU630,B6630,b6d2d,N638B6,B738,KBOS,KSFO,1718041625,1718064174,1717974000
AAL120,AA120,aafda,N760AA,B738,KORD,KLGA,1717996566,1718004040,1717974000
AAL130,AA130,aa1302,N713AA,B738,KORD,KLGA,1718003725,1718011746,1717974000
AAL140,AA140,aaa59,N376AA,B738,KORD,KLGA,1718014772,1718022557,1717974000
AAL150,AA150,aa2036,N744AA,B738,KORD,KLGA,1718018560,1718026601,1717974000
AAL160,AA160,aa1ada,N544AA,B738,KORD,KLGA,1718028546,1718036858,1717974000
AAL170,AA170,aaac6,N823AA,B738,KORD,KLGA,1718031573,1718039348,1717974000
AAL180,AA180,aa1e37,N922AA,B738,KORD,KLGA,1718037983,1718045926,1717974000
DAL330,DL330,dl1763,N458DL,B738,KORD,KLGA,1718005581,1718013661,1717974000
DAL340,DL340,dl1671,N831DL,B738,KORD,KLGA,1718015025,1718023182,1717974000
DAL350,DL350,dl195e,N922DL,B738,KORD,KLGA,1718019991,1718027604,1717974000
DAL360,DL360,dlfbe,N581DL,B738,KORD,KLGA,1718028866,1718037084,1717974000
DAL370,DL370,dl48f,N766DL,B738,KORD,KLGA,1718034819,1718042505,1717974000
UAL220,UA220,uaeb7,N174UA,B738,KORD,KLGA,1718000657,1718008261,1717974000
UAL230,UA230,ua91a,N949UA,B738,KORD,KLGA,1718003960,1718012102,1717974000
UAL240,UA240,ua14aa,N671UA,B738,KORD,KLGA,1718013358,1718021355,1717974000
UAL250,UA250,ua176f,N685UA,B738,KORD,KLGA,1718020122,1718028417,1717974000
UAL270,UA270,uad87,N493UA,B738,KORD,KLGA,1718033766,1718041617,1717974000
UAL280,UA280,ua1150,N889UA,B738,KORD,KLGA,1718040900,1718048923,1717974000
AAL130,AA130,aa590,N255AA,B738,KMIA,KATL,1718003843,1718010118,1717974000
AAL140,AA140,aa15e5,N463AA,B738,KMIA,KATL,1718011598,1718018413,1717974000
AAL150,AA150,aa9e7,N244AA,B738,KMIA,KATL,1718021222,1718027953,1717974000
AAL160,AA160,aa5ba,N352AA,B738,KMIA,KATL,1718028685,1718035204,1717974000
AAL170,AA170,aaa1a,N182AA,B738,KMIA,KATL,1718037749,1718044491,1717974000
DAL330,DL330,dl174f,N971DL,B738,KMIA,KATL,1717998082,1718004793,1717974000
DAL340,DL340,dlc55,N954DL,B738,KMIA,KATL,1718005656,1718012640,1717974000
DAL350,DL350,dl1e97,N730DL,B738,KMIA,KATL,1718013840,1718020503,1717974000
DAL360,DL360,dl18e0,N980DL,B738,KMIA,KATL,1718024747,1718031358,1717974000
DAL370,DL370,dl540,N315DL,B738,KMIA,KATL,1718031549,1718038295,1717974000
DAL380,DL380,dl1db5,N868DL,B738,KMIA,KATL,1718041332,1718047960,1717974000
AAL110,AA110,aa1226,N187AA,B77W,KJFK,EGLL,1718010178,1718035020,1717974000
AAL120,AA120,aa19ba,N809AA,B77W,KJFK,EGLL,1718043241,1718068054,1717974000
AAL130,AA130,aa1c76,N112AA,B77W,KJFK,EGLL,1718053660,1718078807,1717974000
DAL310,DL310,dl6ea,N291DL,B77W,KJFK,EGLL,1718044830,1718069349,1717974000
DAL320,DL320,dl19c5,N861DL,B77W,KJFK,EGLL,1718052231,1718077048,1717974000
BAW180,BA180,ba6cb,N263BA,B77W,KJFK,EGLL,1718004064,1718029300,1717974000
BAW190,BA190,ba1d76,N912BA,B77W,KJFK,EGLL,1718042048,1718067402,1717974000
BAW200,BA200,ba242c,N475BA,B77W,KJFK,EGLL,1718046260,1718071478,1717974000
BAW210,BA210,ba167f,N290BA,B77W,KJFK,EGLL,1718054754,1718079734,1717974000
DAL350,DL350,dl205c,N682DL,B77W,KBOS,EGLL,1718047914,1718072048,1717974000
BAW220,BA220,ba22b5,N582BA,B77W,KBOS,EGLL,1718040504,1718064565,1717974000
BAW230,BA230,baff3,N235BA,B77W,KBOS,EGLL,1718052250,1718076431,1717974000
UAL260,UA260,ua1b1c,N411UA,B77W,KORD,LFPG,1718043662,1718073736,1717974000
AFR140,AF140,af1978,N308AF,B77W,KORD,LFPG,1718041030,1718070614,1717974000
UAL11,UA11,ua22de,N675UA,B77W,KSFO,WSSS,1718057492,1718118159,1717974000
SIA40,SQ40,sq24b9,N575SQ,B77W,KSFO,WSSS,1718011659,1718072076,1717974000
SIA50,SQ50,sq1acc,N854SQ,B77W,KSFO,WSSS,1718055530,1718115774,1717974000
BAW310,BA310,ba1b0e,N243BA,B738,EGLL,LFPG,1718005056,1718009094,1717974000
BAW320,BA320,ba182c,N800BA,B738,EGLL,LFPG,1718013834,1718017663,1717974000
BAW330,BA330,ba5ca,N110BA,B738,EGLL,LFPG,1718031263,1718035235,1717974000
BAW340,BA340,ba1a1f,N186BA,B738,EGLL,LFPG,1718043802,1718047847,1717974000
AFR1690,AF1690,af1af6,N778AF,B738,EGLL,LFPG,1717996876,1718000555,1717974000
AFR1700,AF1700,af1278,N579AF,B738,EGLL,LFPG,1718014639,1718019007,1717974000
AFR1710,AF1710,af847,N682AF,B738,EGLL,LFPG,1718029512,1718033794,1717974000
AFR1720,AF1720,af1226,N979AF,B738,EGLL,LFPG,1718039405,1718043752,1717974000
BAW910,BA910,ba1fd1,N652BA,B738,EGLL,EDDF,1718001676,1718006914,1717974000
BAW920,BA920,ba1491,N470BA,B738,EGLL,EDDF,1718019109,1718024315,1717974000
BAW930,BA930,ba268f,N590BA,B738,EGLL,EDDF,1718030642,1718036291,1717974000
DLH910,LH910,lh8b9,N959LH,B738,EGLL,EDDF,1717999117,1718004809,1717974000
DLH920,LH920,lh738,N868LH,B738,EGLL,EDDF,1718007596,1718012849,1717974000
DLH930,LH930,lh1c53,N472LH,B738,EGLL,EDDF,1718022963,1718028479,1717974000
DLH940,LH940,lh1fc0,N292LH,B738,EGLL,EDDF,1718038746,1718044350,1717974000
AAL110,AA110,aa1016,N381AA,B738,KJFK,KLAX,1718082803,1718104031,1718060400
AAL120,AA120,aa12a9,N136AA,B738,KJFK,KLAX,1718097964,1718119251,1718060400
AAL130,AA130,aa777,N792AA,B738,KJFK,KLAX,1718108687,1718129888,1718060400
AAL140,AA140,aa205d,N816AA,B738,KJFK,KLAX,1718121740,1718143593,1718060400
AAL150,AA150,aa1a80,N254AA,B738,KJFK,KLAX,1718136941,1718159012,1718060400
DAL310,DL310,dl9c0,N960DL,B738,KJFK,KLAX,1718088235,1718109091,1718060400
DAL320,DL320,dl13ac,N477DL,B738,KJFK,KLAX,1718098583,1718119799,1718060400
DAL330,DL330,dlc2d,N454DL,B738,KJFK,KLAX,1718119354,1718140615,1718060400
DAL340,DL340,dl127b,N453DL,B738,KJFK,KLAX,1718126970,1718148228,1718060400
DAL350,DL350,dlfcf,N407DL,B738,KJFK,KLAX,1718137248,1718158603,1718060400
JBU510,B6510,b619bf,N592B6,B738,KJFK,KLAX,1718088673,1718110055,1718060400
JBU520,B6520,b6112f,N444B6,B738,KJFK,KLAX,1718104165,1718126016,1718060400
JBU530,B6530,b6165c,N316B6,B738,KJFK,KLAX,1718118247,1718140111,1718060400
JBU540,B6540,b621da,N420B6,B738,KJFK,KLAX,1718129837,1718151516,1718060400
DAL410,DL410,dl1ea9,N334DL,B738,KBOS,KSFO,1718088130,1718111519,1718060400
DAL420,DL420,dl1a35,N463DL,B738,KBOS,KSFO,1718104146,1718127031,1718060400
DAL430,DL430,dl617,N162DL,B738,KBOS,KSFO,1718117919,1718141312,1718060400
UAL210,UA210,ua1459,N217UA,B738,KBOS,KSFO,1718084218,1718106961,1718060400
UAL220,UA220,uaab9,N962UA,B738,KBOS,KSFO,1718099980,1718122418,1718060400
UAL230,UA230,uad30,N689UA,B738,KBOS,KSFO,1718112298,1718135019,1718060400
UAL240,UA240,ua1be6,N727UA,B738,KBOS,KSFO,1718124636,1718147795,1718060400
JBU610,B6610,b61bc9,N238B6,B738,KBOS,KSFO,1718091240,1718114245,1718060400
JBU620,B6620,b61643,N199B6,B738,KBOS,KSFO,1718108584,1718130435,1718060400
JBU630,B6630,b6f3c,N777B6,B738,KBOS,KSFO,1718125211,1718148040,1718060400
AAL120,AA120,aad11,N559AA,B738,KORD,KLGA,1718084750,1718092750,1718060400
AAL130,AA130,aa11f2,N660AA,B738,KORD,KLGA,1718090573,1718099156,1718060400
AAL140,AA140,aa4ca,N714AA,B738,KORD,KLGA,1718096862,1718105465,1718060400
AAL150,AA150,aa13e2,N376AA,B738,KORD,KLGA,1718104849,1718112709,1718060400
AAL160,AA160,aa8be,N788AA,B738,KORD,KLGA,1718112402,1718120032,1718060400
AAL170,AA170,aa2193,N469AA,B738,KORD,KLGA,1718117823,1718126059,1718060400
AAL180,AA180,aa1866,N626AA,B738,KORD,KLGA,1718128854,1718136614,1718060400
DAL320,DL320,dl1d87,N185DL,B738,KORD,KLGA,1718085377,1718092925,1718060400
DAL330,DL330,dl17db,N680DL,B738,KORD,KLGA,1718094867,1718102808,1718060400
DAL340,DL340,dl1d2e,N298DL,B738,KORD,KLGA,1718101660,1718109009,1718060400
DAL350,DL350,dl1d58,N904DL,B738,KORD,KLGA,1718106835,1718115151,1718060400
DAL360,DL360,dl602,N309DL,B738,KORD,KLGA,1718113798,1718121795,1718060400
DAL370,DL370,dl183c,N207DL,B738,KORD,KLGA,1718123763,1718131617,1718060400
UAL220,UA220,ua714,N440UA,B738,KORD,KLGA,1718083336,1718091533,1718060400
UAL230,UA230,uad55,N249UA,B738,KORD,KLGA,1718091361,1718099332,1718060400
UAL240,UA240,uaaeb,N790UA,B738,KORD,KLGA,1718099665,1718106879,1718060400
UAL250,UA250,ua22de,N827UA,B738,KORD,KLGA,1718103265,1718112015,1718060400
UAL260,UA260,ua1ed7,N226UA,B738,KORD,KLGA,1718113881,1718121385,1718060400
UAL270,UA270,ua1d6e,N242UA,B738,KORD,KLGA,1718119250,1718127078,1718060400
UAL280,UA280,uaae8,N304UA,B738,KORD,KLGA,1718128106,1718135440,1718060400
AAL130,AA130,aab1a,N808AA,B738,KMIA,KATL,1718085682,1718093188,1718060400
AAL140,AA140,aa1c32,N606AA,B738,KMIA,KATL,1718097696,1718104480,1718060400
AAL150,AA150,aa9f2,N280AA,B738,KMIA,KATL,1718106496,1718113608,1718060400
AAL160,AA160,aa2653,N911AA,B738,KMIA,KATL,1718115920,1718122747,1718060400
AAL170,AA170,aa13ca,N495AA,B738,KMIA,KATL,1718130577,1718136630,1718060400
DAL330,DL330,dl935,N128DL,B738,KMIA,KATL,1718081468,1718089034,1718060400
DAL340,DL340,dl1256,N723DL,B738,KMIA,KATL,1718091284,1718097234,1718060400
DAL350,DL350,dld1d,N187DL,B738,KMIA,KATL,1718100969,1718108161,1718060400
DAL360,DL360,dlb5e,N268DL,B738,KMIA,KATL,1718110249,1718117320,1718060400
DAL370,DL370,dlf05,N213DL,B738,KMIA,KATL,1718118179,1718124643,1718060400
DAL380,DL380,dld9a,N111DL,B738,KMIA,KATL,1718127094,1718134251,1718060400
AAL110,AA110,aa19ab,N132AA,B77W,KJFK,EGLL,1718094102,1718118848,1718060400
AAL130,AA130,aa1224,N575AA,B77W,KJFK,EGLL,1718136113,1718161004,1718060400
DAL310,DL310,dl14d0,N583DL,B77W,KJFK,EGLL,1718132470,1718157764,1718060400
DAL320,DL320,dl703,N268DL,B77W,KJFK,EGLL,1718140223,1718165035,1718060400
BAW180,BA180,ba49c,N865BA,B77W,KJFK,EGLL,1718092295,1718117823,1718060400
BAW190,BA190,ba15fd,N394BA,B77W,KJFK,EGLL,1718126927,1718152682,1718060400
BAW200,BA200,ba24f2,N659BA,B77W,KJFK,EGLL,1718134100,1718158646,1718060400
DAL350,DL350,dl1c0f,N370DL,B77W,KBOS,EGLL,1718128873,1718153541,1718060400
BAW220,BA220,ba4d5,N153BA,B77W,KBOS,EGLL,1718130226,1718154207,1718060400
BAW230,BA230,ba2441,N272BA,B77W,KBOS,EGLL,1718140458,1718164278,1718060400
UAL260,UA260,uad48,N910UA,B77W,KORD,LFPG,1718126201,1718155972,1718060400
AFR140,AF140,af120c,N405AF,B77W,KORD,LFPG,1718124373,1718153390,1718060400
UAL11,UA11,ua15e8,N648UA,B77W,KSFO,WSSS,1718142658,1718203613,1718060400
SIA40,SQ40,sq26aa,N506SQ,B77W,KSFO,WSSS,1718098655,1718158906,1718060400
SIA50,SQ50,sq1780,N175SQ,B77W,KSFO,WSSS,1718140755,1718201422,1718060400
BAW310,BA310,ba425,N159BA,B738,EGLL,LFPG,1718088706,1718092731,1718060400
BAW320,BA320,ba417,N828BA,B738,EGLL,LFPG,1718101214,1718105160,1718060400
BAW330,BA330,ba2038,N271BA,B738,EGLL,LFPG,1718116782,1718121085,1718060400
BAW340,BA340,ba1be9,N621BA,B738,EGLL,LFPG,1718131134,1718135570,1718060400
AFR1690,AF1690,af13f1,N620AF,B738,EGLL,LFPG,1718087956,1718092221,1718060400
AFR1700,AF1700,af1ba3,N526AF,B738,EGLL,LFPG,1718098649,1718103154,1718060400
AFR1710,AF1710,af22ef,N551AF,B738,EGLL,LFPG,1718113669,1718118336,1718060400
AFR1720,AF1720,af10bc,N299AF,B738,EGLL,LFPG,1718124847,1718129759,1718060400
BAW910,BA910,ba24fb,N369BA,B738,EGLL,EDDF,1718086602,1718092240,1718060400
BAW920,BA920,ba15c8,N804BA,B738,EGLL,EDDF,1718102153,1718107783,1718060400
BAW930,BA930,ba1373,N930BA,B738,EGLL,EDDF,1718118108,1718123484,1718060400
BAW940,BA940,ba160e,N764BA,B738,EGLL,EDDF,1718131646,1718137044,1718060400
DLH910,LH910,lh1357,N985LH,B738,EGLL,EDDF,1718085031,1718089798,1718060400
DLH920,LH920,lhc03,N113LH,B738,EGLL,EDDF,1718094263,1718099560,1718060400
DLH930,LH930,lheea,N701LH,B738,EGLL,EDDF,1718109499,1718114799,1718060400
DLH940,LH940,lhe24,N415LH,B738,EGLL,EDDF,1718125139,1718130282,1718060400
AAL120,AA120,aa1514,N374AA,B738,KJFK,KLAX,1718181572,1718202739,1718146800
AAL130,AA130,aa6f3,N234AA,B738,KJFK,KLAX,1718195057,1718216605,1718146800
AAL140,AA140,aa25ab,N534AA,B738,KJFK,KLAX,1718212024,1718233898,1718146800
AAL150,AA150,aa930,N883AA,B738,KJFK,KLAX,1718223597,1718244538,1718146800
DAL310,DL310,dla3c,N624DL,B738,KJFK,KLAX,1718172557,1718193428,1718146800
DAL320,DL320,dl602,N398DL,B738,KJFK,KLAX,1718183033,1718205087,1718146800
DAL340,DL340,dl1133,N668DL,B738,KJFK,KLAX,1718211925,1718233156,1718146800
DAL350,DL350,dl1d52,N856DL,B738,KJFK,KLAX,1718222016,1718243533,1718146800
JBU510,B6510,b6159e,N540B6,B738,KJFK,KLAX,1718177784,1718199607,1718146800
JBU520,B6520,b61ab4,N671B6,B738,KJFK,KLAX,1718192192,1718213775,1718146800
JBU530,B6530,b61e5e,N790B6,B738,KJFK,KLAX,1718203577,1718225348,1718146800
JBU540,B6540,b698d,N159B6,B738,KJFK,KLAX,1718218138,1718239993,1718146800
DAL410,DL410,dl26d4,N338DL,B738,KBOS,KSFO,1718175076,1718197800,1718146800
DAL420,DL420,dl21ac,N718DL,B738,KBOS,KSFO,1718189114,1718212287,1718146800
DAL430,DL430,dl1ea6,N494DL,B738,KBOS,KSFO,1718205137,1718227861,1718146800
UAL210,UA210,ua927,N397UA,B738,KBOS,KSFO,1718170561,1718193283,1718146800
UAL220,UA220,ua1f24,N129UA,B738,KBOS,KSFO,1718183912,1718206658,1718146800
UAL230,UA230,ua2260,N642UA,B738,KBOS,KSFO,1718198569,1718220951,1718146800
UAL240,UA240,uaf1a,N723UA,B738,KBOS,KSFO,1718210324,1718233668,1718146800
JBU610,B6610,b6671,N945B6,B738,KBOS,KSFO,1718178714,1718201733,1718146800
JBU620,B6620,b62107,N573B6,B738,KBOS,KSFO,1718191624,1718214297,1718146800
JBU630,B6630,b686e,N784B6,B738,KBOS,KSFO,1718214106,1718236702,1718146800
AAL120,AA120,aa1900,N593AA,B738,KORD,KLGA,1718170362,1718178240,1718146800
AAL130,AA130,aa164b,N411AA,B738,KORD,KLGA,1718175500,1718184237,1718146800
AAL140,AA140,aaa9c,N501AA,B738,KORD,KLGA,1718185051,1718193021,1718146800
AAL150,AA150,aa233e,N443AA,B738,KORD,KLGA,1718190553,1718198777,1718146800
AAL160,AA160,aa4f1,N609AA,B738,KORD,KLGA,1718197125,1718205244,1718146800
AAL170,AA170,aa528,N263AA,B738,KORD,KLGA,1718207527,1718215939,1718146800
AAL180,AA180,aa129c,N937AA,B738,KORD,KLGA,1718211784,1718220223,1718146800
DAL320,DL320,dl2219,N641DL,B738,KORD,KLGA,1718173256,1718181078,1718146800
DAL340,DL340,dl1c29,N897DL,B738,KORD,KLGA,1718187331,1718194369,1718146800
DAL350,DL350,dl22b2,N354DL,B738,KORD,KLGA,1718195006,1718201798,1718146800
DAL360,DL360,dle42,N665DL,B738,KORD,KLGA,1718201421,1718209363,1718146800
DAL370,DL370,dl69c,N363DL,B738,KORD,KLGA,1718210191,1718217475,1718146800
UAL220,UA220,ua164c,N363UA,B738,KORD,KLGA,1718173279,1718180793,1718146800
UAL230,UA230,ua8c4,N958UA,B738,KORD,KLGA,1718176455,1718184691,1718146800
UAL240,UA240,ua23aa,N530UA,B738,KORD,KLGA,1718186376,1718194778,1718146800
UAL250,UA250,ua14fc,N358UA,B738,KORD,KLGA,1718193021,1718200703,1718146800
UAL260,UA260,ua7ac,N470UA,B738,KORD,KLGA,1718198365,1718206736,1718146800
UAL270,UA270,ua430,N699UA,B738,KORD,KLGA,1718206856,1718214811,1718146800
UAL280,UA280,ua182e,N231UA,B738,KORD,KLGA,1718216151,1718223753,1718146800
AAL130,AA130,aa1b5d,N291AA,B738,KMIA,KATL,1718174576,1718180821,1718146800
AAL140,AA140,aa138d,N878AA,B738,KMIA,KATL,1718183899,1718191083,1718146800
AAL150,AA150,aa1c30,N770AA,B738,KMIA,KATL,1718193497,1718200266,1718146800
AAL160,AA160,aac3f,N665AA,B738,KMIA,KATL,1718201280,1718208329,1718146800
AAL170,AA170,aaff9,N684AA,B738,KMIA,KATL,1718210155,1718217477,1718146800
DAL330,DL330,dl1213,N711DL,B738,KMIA,KATL,1718169812,1718176391,1718146800
DAL340,DL340,dl1d4d,N763DL,B738,KMIA,KATL,1718176942,1718184279,1718146800
DAL350,DL350,dl1066,N963DL,B738,KMIA,KATL,1718189574,1718195272,1718146800
DAL360,DL360,dl180d,N214DL,B738,KMIA,KATL,1718196282,1718203072,1718146800
DAL370,DL370,dl117a,N784DL,B738,KMIA,KATL,1718207293,1718213967,1718146800
DAL380,DL380,dl847,N945DL,B738,KMIA,KATL,1718215005,1718221553,1718146800
AAL110,AA110,aa101d,N369AA,B77W,KJFK,EGLL,1718181552,1718206327,1718146800
AAL120,AA120,aa1919,N734AA,B77W,KJFK,EGLL,1718215595,1718240468,1718146800
AAL130,AA130,aa1e3b,N119AA,B77W,KJFK,EGLL,1718226888,1718251395,1718146800
DAL310,DL310,dlb35,N795DL,B77W,KJFK,EGLL,1718217465,1718242354,1718146800
DAL320,DL320,dl1461,N658DL,B77W,KJFK,EGLL,1718225870,1718251401,1718146800
BAW180,BA180,ba17bb,N538BA,B77W,KJFK,EGLL,1718174674,1718200037,1718146800
BAW190,BA190,ba50f,N513BA,B77W,KJFK,EGLL,1718212893,1718238478,1718146800
BAW200,BA200,ba1302,N111BA,B77W,KJFK,EGLL,1718219224,1718244176,1718146800
BAW210,BA210,ba4b0,N388BA,B77W,KJFK,EGLL,1718227427,1718252266,1718146800
DAL350,DL350,dl1913,N900DL,B77W,KBOS,EGLL,1718214951,1718238939,1718146800
BAW220,BA220,ba1464,N253BA,B77W,KBOS,EGLL,1718213255,1718236976,1718146800
BAW230,BA230,ba2228,N586BA,B77W,KBOS,EGLL,1718225232,1718249041,1718146800
UAL260,UA260,ua26c8,N938UA,B77W,KORD,LFPG,1718215928,1718245128,1718146800
AFR140,AF140,af2240,N293AF,B77W,KORD,LFPG,1718209807,1718238710,1718146800
SIA40,SQ40,sq1914,N357SQ,B77W,KSFO,WSSS,1718186085,1718246989,1718146800
SIA50,SQ50,sq134b,N350SQ,B77W,KSFO,WSSS,1718226709,1718287463,1718146800
BAW310,BA310,ba1573,N451BA,B738,EGLL,LFPG,1718174414,1718178700,1718146800
BAW320,BA320,ba1f2c,N197BA,B738,EGLL,LFPG,1718187285,1718191816,1718146800
BAW330,BA330,ba1483,N206BA,B738,EGLL,LFPG,1718203086,1718207205,1718146800
BAW340,BA340,bab34,N974BA,B738,EGLL,LFPG,1718217098,1718221921,1718146800
AFR1690,AF1690,af2093,N551AF,B738,EGLL,LFPG,1718172616,1718176420,1718146800
AFR1700,AF1700,af1779,N794AF,B738,EGLL,LFPG,1718185559,1718189232,1718146800
AFR1710,AF1710,af258c,N558AF,B738,EGLL,LFPG,1718201508,1718206123,1718146800
AFR1720,AF1720,af442,N994AF,B738,EGLL,LFPG,1718212470,1718216628,1718146800
BAW910,BA910,ba11ab,N505BA,B738,EGLL,EDDF,1718174473,1718179873,1718146800
BAW920,BA920,baf12,N548BA,B738,EGLL,EDDF,1718188741,1718194719,1718146800
BAW930,BA930,ba66e,N155BA,B738,EGLL,EDDF,1718206072,1718211385,1718146800
BAW940,BA940,ba1bc1,N208BA,B738,EGLL,EDDF,1718215320,1718220248,1718146800
DLH910,LH910,lh95f,N660LH,B738,EGLL,EDDF,1718169246,1718174693,1718146800
DLH920,LH920,lh18cf,N764LH,B738,EGLL,EDDF,1718178483,1718184419,1718146800
DLH930,LH930,lhb35,N403LH,B738,EGLL,EDDF,1718197399,1718202943,1718146800
DLH940,LH940,lh1fdf,N858LH,B738,EGLL,EDDF,1718208125,1718214477,1718146800
AAL110,AA110,aa1174,N628AA,B738,KJFK,KLAX,1718255518,1718276476,1718233200
AAL120,AA120,aa8a8,N639AA,B738,KJFK,KLAX,1718267812,1718288684,1718233200
AAL130,AA130,aa4fc,N377AA,B738,KJFK,KLAX,1718279442,1718301015,1718233200
AAL140,AA140,aae07,N633AA,B738,KJFK,KLAX,1718299658,1718320763,1718233200
DAL310,DL310,dl1ea7,N458DL,B738,KJFK,KLAX,1718258274,1718280033,1718233200
DAL320,DL320,dl93d,N372DL,B738,KJFK,KLAX,1718269851,1718290711,1718233200
DAL330,DL330,dl72b,N398DL,B738,KJFK,KLAX,1718285941,1718307366,1718233200
DAL340,DL340,dl24c5,N767DL,B738,KJFK,KLAX,1718298808,1718320484,1718233200
DAL350,DL350,dl490,N455DL,B738,KJFK,KLAX,1718309699,1718330954,1718233200
JBU510,B6510,b6186a,N592B6,B738,KJFK,KLAX,1718262053,1718284128,1718233200
JBU520,B6520,b67a2,N739B6,B738,KJFK,KLAX,1718276868,1718298880,1718233200
JBU530,B6530,b6147b,N679B6,B738,KJFK,KLAX,1718288391,1718310222,1718233200
JBU540,B6540,b67a7,N649B6,B738,KJFK,KLAX,1718305373,1718327492,1718233200
DAL410,DL410,dl555,N385DL,B738,KBOS,KSFO,1718262493,1718284803,1718233200
DAL420,DL420,dl1608,N198DL,B738,KBOS,KSFO,1718275596,1718298242,1718233200
DAL430,DL430,dlbf9,N322DL,B738,KBOS,KSFO,1718292893,1718315091,1718233200
UAL210,UA210,uad33,N979UA,B738,KBOS,KSFO,1718256454,1718279763,1718233200
UAL220,UA220,ua2443,N448UA,B738,KBOS,KSFO,1718269499,1718291955,1718233200
UAL240,UA240,ua2489,N986UA,B738,KBOS,KSFO,1718298073,1718320276,1718233200
JBU610,B6610,b619a3,N484B6,B738,KBOS,KSFO,1718265808,1718288519,1718233200
JBU620,B6620,b68e4,N782B6,B738,KBOS,KSFO,1718284508,1718307122,1718233200
AAL120,AA120,aa1b73,N849AA,B738,KORD,KLGA,1718253859,1718261753,1718233200
AAL130,AA130,aa8b7,N393AA,B738,KORD,KLGA,1718261667,1718270297,1718233200
AAL140,AA140,aa201f,N171AA,B738,KORD,KLGA,1718269348,1718277655,1718233200
AAL150,AA150,aa1434,N148AA,B738,KORD,KLGA,1718278320,1718286394,1718233200
AAL160,AA160,aa16ff,N612AA,B738,KORD,KLGA,1718283541,1718291199,1718233200
AAL170,AA170,aa1937,N635AA,B738,KORD,KLGA,1718290386,1718298214,1718233200
AAL180,AA180,aa1913,N611AA,B738,KORD,KLGA,1718300658,1718308120,1718233200
DAL320,DL320,dl1cf2,N219DL,B738,KORD,KLGA,1718258144,1718265655,1718233200
DAL330,DL330,dl120b,N576DL,B738,KORD,KLGA,1718267724,1718274873,1718233200
DAL340,DL340,dl1c60,N706DL,B738,KORD,KLGA,1718271351,1718279514,1718233200
DAL350,DL350,dl1036,N154DL,B738,KORD,KLGA,1718280925,1718288194,1718233200
DAL360,DL360,dl1546,N499DL,B738,KORD,KLGA,1718287860,1718295895,1718233200
DAL370,DL370,dl45a,N966DL,B738,KORD,KLGA,1718293387,1718301356,1718233200
UAL220,UA220,uac38,N318UA,B738,KORD,KLGA,1718257940,1718265993,1718233200
UAL230,UA230,ua1cc1,N340UA,B738,KORD,KLGA,1718266135,1718273989,1718233200
UAL240,UA240,ua1cbe,N231UA,B738,KORD,KLGA,1718273004,1718280406,1718233200
UAL250,UA250,uae62,N788UA,B738,KORD,KLGA,1718279981,1718287341,1718233200
UAL260,UA260,uaefc,N750UA,B738,KORD,KLGA,1718286587,1718294636,1718233200
UAL270,UA270,uaeeb,N486UA,B738,KORD,KLGA,1718293287,1718300999,1718233200
UAL280,UA280,ua2467,N789UA,B738,KORD,KLGA,1718301718,1718310046,1718233200
AAL130,AA130,aa790,N725AA,B738,KMIA,KATL,1718257910,1718264531,1718233200
AAL140,AA140,aa51d,N104AA,B738,KMIA,KATL,1718271222,1718278518,1718233200
AAL150,AA150,aa25f2,N425AA,B738,KMIA,KATL,1718286782,1718293530,1718233200
AAL160,AA160,aa21bb,N662AA,B738,KMIA,KATL,1718288974,1718295687,1718233200
AAL170,AA170,aae24,N588AA,B738,KMIA,KATL,1718297341,1718303942,1718233200
DAL330,DL330,dl4fd,N673DL,B738,KMIA,KATL,1718256629,1718262816,1718233200
DAL340,DL340,dlc59,N310DL,B738,KMIA,KATL,1718266008,1718272308,1718233200
DAL350,DL350,dl2329,N331DL,B738,KMIA,KATL,1718274211,1718280984,1718233200
DAL360,DL360,dl905,N131DL,B738,KMIA,KATL,1718282347,1718289163,1718233200
DAL370,DL370,dl263f,N991DL,B738,KMIA,KATL,1718295229,1718301600,1718233200
DAL380,DL380,dl1179,N749DL,B738,KMIA,KATL,1718300463,1718307813,1718233200
AAL110,AA110,aa1cf9,N959AA,B77W,KJFK,EGLL,1718267800,1718292781,1718233200
AAL120,AA120,aa10f9,N759AA,B77W,KJFK,EGLL,1718300190,1718324782,1718233200
AAL130,AA130,aaff4,N887AA,B77W,KJFK,EGLL,1718312138,1718336514,1718233200
DAL310,DL310,dl1fc9,N608DL,B77W,KJFK,EGLL,1718305263,1718329612,1718233200
BAW180,BA180,ba851,N542BA,B77W,KJFK,EGLL,1718261896,1718286894,1718233200
BAW190,BA190,ba20cc,N824BA,B77W,KJFK,EGLL,1718301668,1718326539,1718233200
BAW200,BA200,ba13ba,N793BA,B77W,KJFK,EGLL,1718307545,1718332683,1718233200
DAL350,DL350,dl195a,N960DL,B77W,KBOS,EGLL,1718302247,1718326693,1718233200
BAW220,BA220,ba962,N103BA,B77W,KBOS,EGLL,1718297609,1718322005,1718233200
UAL260,UA260,uabc7,N157UA,B77W,KORD,LFPG,1718302507,1718331878,1718233200
AFR140,AF140,af1fb9,N241AF,B77W,KORD,LFPG,1718300460,1718329330,1718233200
UAL11,UA11,ua1f23,N464UA,B77W,KSFO,WSSS,1718315155,1718376574,1718233200
SIA40,SQ40,sq16f7,N689SQ,B77W,KSFO,WSSS,1718270534,1718331433,1718233200
SIA50,SQ50,sq1591,N173SQ,B77W,KSFO,WSSS,1718321879,1718382310,1718233200
BAW310,BA310,bab45,N754BA,B738,EGLL,LFPG,1718257515,1718262277,1718233200
BAW320,BA320,ba2013,N481BA,B738,EGLL,LFPG,1718272552,1718277792,1718233200
BAW330,BA330,badf2,N180BA,B738,EGLL,LFPG,1718288753,1718293555,1718233200
BAW340,BA340,ba1f3a,N796BA,B738,EGLL,LFPG,1718300646,1718305123,1718233200
AFR1690,AF1690,af124c,N559AF,B738,EGLL,LFPG,1718258115,1718262757,1718233200
AFR1700,AF1700,af6ba,N551AF,B738,EGLL,LFPG,1718271016,1718275087,1718233200
AFR1710,AF1710,af258f,N530AF,B738,EGLL,LFPG,1718286129,1718290847,1718233200
AFR1720,AF1720,af61d,N403AF,B738,EGLL,LFPG,1718297799,1718302555,1718233200
BAW910,BA910,babd7,N380BA,B738,EGLL,EDDF,1718262033,1718267551,1718233200
BAW920,BA920,ba1f00,N351BA,B738,EGLL,EDDF,1718276352,1718282196,1718233200
BAW930,BA930,bafa8,N137BA,B738,EGLL,EDDF,1718289817,1718295148,1718233200
BAW940,BA940,ba1af8,N456BA,B738,EGLL,EDDF,1718303623,1718308805,1718233200
DLH920,LH920,lh25df,N773LH,B738,EGLL,EDDF,1718268426,1718273792,1718233200
DLH930,LH930,lh2194,N545LH,B738,EGLL,EDDF,1718285040,1718290418,1718233200
DLH940,LH940,lh23f7,N209LH,B738,EGLL,EDDF,1718297542,1718303167,1718233200
AAL110,AA110,aab3c,N160AA,B738,KJFK,KLAX,1718341093,1718362268,1718319600
AAL120,AA120,aa472,N513AA,B738,KJFK,KLAX,1718353798,1718375446,1718319600
AAL130,AA130,aa219c,N871AA,B738,KJFK,KLAX,1718369214,1718390707,1718319600
AAL140,AA140,aa80b,N807AA,B738,KJFK,KLAX,1718383443,1718405061,1718319600
AAL150,AA150,aa1847,N694AA,B738,KJFK,KLAX,1718395484,1718416908,1718319600
DAL310,DL310,dl22e0,N315DL,B738,KJFK,KLAX,1718344673,1718365890,1718319600
DAL320,DL320,dl973,N994DL,B738,KJFK,KLAX,1718356504,1718377591,1718319600
DAL330,DL330,dl1624,N644DL,B738,KJFK,KLAX,1718372212,1718393375,1718319600
DAL340,DL340,dl1fbe,N401DL,B738,KJFK,KLAX,1718384669,1718405724,1718319600
DAL350,DL350,dl886,N112DL,B738,KJFK,KLAX,1718395696,1718416920,1718319600
JBU510,B6510,b6f71,N698B6,B738,KJFK,KLAX,1718347654,1718369534,1718319600
JBU520,B6520,b6237e,N328B6,B738,KJFK,KLAX,1718362943,1718384713,1718319600
JBU530,B6530,b621a3,N930B6,B738,KJFK,KLAX,1718376488,1718398273,1718319600
JBU540,B6540,b6b2f,N674B6,B738,KJFK,KLAX,1718391816,1718413337,1718319600
DAL410,DL410,dl6ab,N357DL,B738,KBOS,KSFO,1718346265,1718369632,1718319600
DAL420,DL420,dl1e95,N891DL,B738,KBOS,KSFO,1718361335,1718384602,1718319600
DAL430,DL430,dl1bb3,N787DL,B738,KBOS,KSFO,1718377724,1718400092,1718319600
UAL210,UA210,ua1077,N372UA,B738,KBOS,KSFO,1718344680,1718367179,1718319600
UAL220,UA220,uaf87,N928UA,B738,KBOS,KSFO,1718355915,1718378324,1718319600
UAL230,UA230,uad5c,N292UA,B738,KBOS,KSFO,1718371343,1718394060,1718319600
UAL240,UA240,ua269c,N923UA,B738,KBOS,KSFO,1718384543,1718407420,1718319600
JBU610,B6610,b6120a,N509B6,B738,KBOS,KSFO,1718351582,1718374162,1718319600
JBU620,B6620,b619cb,N751B6,B738,KBOS,KSFO,1718367443,1718390388,1718319600
JBU630,B6630,b6199e,N155B6,B738,KBOS,KSFO,1718385624,1718407923,1718319600
AAL130,AA130,aacc2,N302AA,B738,KORD,KLGA,1718346743,1718354344,1718319600
AAL140,AA140,aa17e7,N667AA,B738,KORD,KLGA,1718358314,1718366289,1718319600
AAL150,AA150,aaac7,N176AA,B738,KORD,KLGA,1718365187,1718373766,1718319600
AAL160,AA160,aa1c94,N897AA,B738,KORD,KLGA,1718369675,1718377478,1718319600
AAL170,AA170,aa12f2,N220AA,B738,KORD,KLGA,1718378112,1718385705,1718319600
AAL180,AA180,aaf82,N411AA,B738,KORD,KLGA,1718384043,1718392728,1718319600
DAL320,DL320,dlf32,N842DL,B738,KORD,KLGA,1718346207,1718353823,1718319600
DAL330,DL330,dl1a15,N125DL,B738,KORD,KLGA,1718353122,1718360966,1718319600
DAL340,DL340,dl21bb,N243DL,B738,KORD,KLGA,1718358175,1718366539,1718319600
DAL350,DL350,dl1c36,N131DL,B738,KORD,KLGA,1718366539,1718374333,1718319600
DAL360,DL360,dl2567,N566DL,B738,KORD,KLGA,1718375990,1718383453,1718319600
DAL370,DL370,dl8e2,N340DL,B738,KORD,KLGA,1718381514,1718388403,1718319600
UAL220,UA220,ua1d0f,N698UA,B738,KORD,KLGA,1718345528,1718354228,1718319600
UAL230,UA230,ua4a7,N701UA,B738,KORD,KLGA,1718349542,1718357324,1718319600
UAL240,UA240,ua2162,N201UA,B738,KORD,KLGA,1718358896,1718367071,1718319600
UAL250,UA250,ua1c2f,N939UA,B738,KORD,KLGA,1718365715,1718374161,1718319600
UAL260,UA260,uaccf,N826UA,B738,KORD,KLGA,1718373539,1718381864,1718319600
UAL270,UA270,uaada,N231UA,B738,KORD,KLGA,1718381170,1718389953,1718319600
UAL280,UA280,ua263c,N202UA,B738,KORD,KLGA,1718387064,1718394576,1718319600
AAL130,AA130,aa1cc1,N397AA,B738,KMIA,KATL,1718346455,1718352966,1718319600
AAL140,AA140,aabba,N550AA,B738,KMIA,KATL,1718356347,1718362807,1718319600
AAL150,AA150,aac12,N106AA,B738,KMIA,KATL,1718367396,1718374883,1718319600
AAL160,AA160,aa20ee,N170AA,B738,KMIA,KATL,1718376276,1718383055,1718319600
AAL170,AA170,aa266b,N789AA,B738,KMIA,KATL,1718385447,1718391919,1718319600
DAL330,DL330,dl2107,N949DL,B738,KMIA,KATL,1718342335,1718348643,1718319600
DAL340,DL340,dl1180,N870DL,B738,KMIA,KATL,1718351559,1718357504,1718319600
DAL350,DL350,dleb2,N210DL,B738,KMIA,KATL,1718358354,1718365201,1718319600
DAL360,DL360,dl1198,N958DL,B738,KMIA,KATL,1718370288,1718377221,1718319600
DAL370,DL370,dl2120,N595DL,B738,KMIA,KATL,1718378167,1718385111,1718319600
DAL380,DL380,dl12cc,N470DL,B738,KMIA,KATL,1718386409,1718392769,1718319600
AAL110,AA110,aa1967,N458AA,B77W,KJFK,EGLL,1718353877,1718378155,1718319600
AAL120,AA120,aa12fd,N792AA,B77W,KJFK,EGLL,1718387975,1718413005,1718319600
AAL130,AA130,aa15b9,N857AA,B77W,KJFK,EGLL,1718395746,1718420989,1718319600
DAL310,DL310,dl10cf,N956DL,B77W,KJFK,EGLL,1718390394,1718415722,1718319600
DAL320,DL320,dl1610,N354DL,B77W,KJFK,EGLL,1718399157,1718424412,1718319600
BAW180,BA180,ba1cf9,N915BA,B77W,KJFK,EGLL,1718349042,1718374335,1718319600
BAW190,BA190,bafb1,N308BA,B77W,KJFK,EGLL,1718389723,1718414069,1718319600
BAW200,BA200,baec8,N486BA,B77W,KJFK,EGLL,1718389945,1718415274,1718319600
BAW210,BA210,ba1bff,N904BA,B77W,KJFK,EGLL,1718402190,1718427328,1718319600
DAL350,DL350,dl1d13,N287DL,B77W,KBOS,EGLL,1718389164,1718413743,1718319600
BAW220,BA220,ba2311,N486BA,B77W,KBOS,EGLL,1718385037,1718409576,1718319600
BAW230,BA230,ba2418,N129BA,B77W,KBOS,EGLL,1718400792,1718424479,1718319600
UAL260,UA260,ua7ab,N298UA,B77W,KORD,LFPG,1718389059,1718418801,1718319600
AFR140,AF140,af8f4,N961AF,B77W,KORD,LFPG,1718383229,1718412037,1718319600
UAL11,UA11,ua5d7,N867UA,B77W,KSFO,WSSS,1718401951,1718463207,1718319600
SIA40,SQ40,sq1a8d,N320SQ,B77W,KSFO,WSSS,1718357887,1718418682,1718319600
SIA50,SQ50,sq2115,N240SQ,B77W,KSFO,WSSS,1718399494,1718460038,1718319600
BAW320,BA320,ba24d1,N447BA,B738,EGLL,LFPG,1718357684,1718361877,1718319600
BAW330,BA330,ba1505,N709BA,B738,EGLL,LFPG,1718378058,1718382209,1718319600
BAW340,BA340,ba1fd8,N454BA,B738,EGLL,LFPG,1718389425,1718393536,1718319600
AFR1690,AF1690,af707,N195AF,B738,EGLL,LFPG,1718341360,1718345788,1718319600
AFR1700,AF1700,af256f,N989AF,B738,EGLL,LFPG,1718357525,1718361101,1718319600
AFR1710,AF1710,af26ae,N205AF,B738,EGLL,LFPG,1718373937,1718378912,1718319600
AFR1720,AF1720,af88c,N426AF,B738,EGLL,LFPG,1718386693,1718390409,1718319600
BAW910,BA910,baf20,N838BA,B738,EGLL,EDDF,1718345018,1718350554,1718319600
BAW920,BA920,ba915,N807BA,B738,EGLL,EDDF,1718361403,1718366893,1718319600
BAW930,BA930,ba9d5,N213BA,B738,EGLL,EDDF,1718377234,1718382470,1718319600
BAW940,BA940,ba1d00,N307BA,B738,EGLL,EDDF,1718387273,1718392806,1718319600
DLH910,LH910,lhe1b,N629LH,B738,EGLL,EDDF,1718344147,1718349328,1718319600
DLH920,LH920,lh2340,N152LH,B738,EGLL,EDDF,1718353306,1718359271,1718319600
DLH930,LH930,lh1334,N232LH,B738,EGLL,EDDF,1718366321,1718372368,1718319600
DLH940,LH940,lhd32,N951LH,B738,EGLL,EDDF,1718385139,1718390367,1718319600
