carrier,origin,dest,quarter,asm,rpm,load_factor,source
AA,JFK,LAX,2024Q1,152460000.0,125322120.0,0.822,BTS_T100
AA,JFK,LAX,2024Q2,241560000.0,207041076.0,0.8571,BTS_T100
AA,JFK,LAX,2024Q3,183744000.0,156402892.79999998,0.8512,BTS_T100
AA,JFK,LAX,2024Q4,177804000.0,151809055.2,0.8538,BTS_T100
DL,JFK,LAX,2024Q1,155232000.0,128764944.0,0.8295,BTS_T100
DL,JFK,LAX,2024Q2,230868000.0,191966742.0,0.8315,BTS_T100
DL,JFK,LAX,2024Q3,153252000.0,132041923.2,0.8616,BTS_T100
DL,JFK,LAX,2024Q4,312444000.0,268108196.4,0.8581,BTS_T100
UA,JFK,LAX,2024Q1,255024000.0,201723984.0,0.791,BTS_T100
UA,JFK,LAX,2024Q2,144936000.0,123268068.0,0.8505,BTS_T100
UA,JFK,LAX,2024Q3,207108000.0,179749033.2,0.8679,BTS_T100
UA,JFK,LAX,2024Q4,280368000.0,236882923.2,0.8449,BTS_T100
B6,JFK,LAX,2024Q1,229680000.0,178897752.0,0.7789,BTS_T100
B6,JFK,LAX,2024Q2,278784000.0,234987033.6,0.8429,BTS_T100
B6,JFK,LAX,2024Q3,296604000.0,243244940.4,0.8201,BTS_T100
B6,JFK,LAX,2024Q4,281952000.0,225505209.6,0.7998,BTS_T100
WN,JFK,LAX,2024Q1,159984000.0,124819516.8,0.7802,BTS_T100
WN,JFK,LAX,2024Q2,192852000.0,157463658.0,0.8165,BTS_T100
WN,JFK,LAX,2024Q3,295812000.0,251055644.4,0.8487,BTS_T100
WN,JFK,LAX,2024Q4,261360000.0,204880104.0,0.7839,BTS_T100
AA,BOS,SFO,2024Q1,315827200.0,262610316.8,0.8315,BTS_T100
AA,BOS,SFO,2024Q2,186467840.0,158292549.376,0.8489,BTS_T100
AA,BOS,SFO,2024Q3,256555520.0,216096714.49600002,0.8423,BTS_T100
AA,BOS,SFO,2024Q4,190794240.0,163835013.888,0.8587,BTS_T100
DL,BOS,SFO,2024Q1,200312320.0,168823223.296,0.8428,BTS_T100
DL,BOS,SFO,2024Q2,356495360.0,302664560.64,0.849,BTS_T100
DL,BOS,SFO,2024Q3,317125120.0,279640930.816,0.8818,BTS_T100
DL,BOS,SFO,2024Q4,312798720.0,262156607.232,0.8381,BTS_T100
UA,BOS,SFO,2024Q1,273861120.0,216487215.35999998,0.7905,BTS_T100
UA,BOS,SFO,2024Q2,187333120.0,158315219.71199998,0.8451,BTS_T100
UA,BOS,SFO,2024Q3,231462400.0,199173395.20000002,0.8605,BTS_T100
UA,BOS,SFO,2024Q4,263910400.0,220813831.68,0.8367,BTS_T100
B6,BOS,SFO,2024Q1,323614720.0,250218901.504,0.7732,BTS_T100
B6,BOS,SFO,2024Q2,252661760.0,204277032.96,0.8085,BTS_T100
B6,BOS,SFO,2024Q3,180410880.0,153204919.296,0.8492,BTS_T100
B6,BOS,SFO,2024Q4,169594880.0,136778270.72,0.8065,BTS_T100
WN,BOS,SFO,2024Q1,333132800.0,263274851.84,0.7903,BTS_T100
WN,BOS,SFO,2024Q2,249200640.0,197715787.776,0.7934,BTS_T100
WN,BOS,SFO,2024Q3,295060480.0,249532647.936,0.8457,BTS_T100
WN,BOS,SFO,2024Q4,376829440.0,297921355.264,0.7906,BTS_T100
AA,ORD,LGA,2024Q1,97225120.0,78732902.176,0.8098,BTS_T100
AA,ORD,LGA,2024Q2,58874560.0,48695148.576,0.8271,BTS_T100
AA,ORD,LGA,2024Q3,73769120.0,62873420.975999996,0.8523,BTS_T100
AA,ORD,LGA,2024Q4,93589440.0,80243585.856,0.8574,BTS_T100
DL,ORD,LGA,2024Q1,90071040.0,76101021.696,0.8449,BTS_T100
DL,ORD,LGA,2024Q2,58757280.0,49832049.168,0.8481,BTS_T100
DL,ORD,LGA,2024Q3,53127840.0,46513423.919999994,0.8755,BTS_T100
DL,ORD,LGA,2024Q4,55356160.0,48038075.648,0.8678,BTS_T100
UA,ORD,LGA,2024Q1,61337440.0,48309367.743999995,0.7876,BTS_T100
UA,ORD,LGA,2024Q2,92885760.0,78915741.696,0.8496,BTS_T100
UA,ORD,LGA,2024Q3,88429120.0,76031357.376,0.8598,BTS_T100
UA,ORD,LGA,2024Q4,98397920.0,81581715.47199999,0.8291,BTS_T100
B6,ORD,LGA,2024Q1,43510880.0,34438861.519999996,0.7915,BTS_T100
B6,ORD,LGA,2024Q2,55942560.0,46376382.239999995,0.829,BTS_T100
B6,ORD,LGA,2024Q3,74238240.0,63035689.584,0.8491,BTS_T100
B6,ORD,LGA,2024Q4,83034240.0,69200735.616,0.8334,BTS_T100
WN,ORD,LGA,2024Q1,94410400.0,71336498.24000001,0.7556,BTS_T100
WN,ORD,LGA,2024Q2,42572640.0,33542983.056,0.7879,BTS_T100
WN,ORD,LGA,2024Q3,73769120.0,62534083.024000004,0.8477,BTS_T100
WN,ORD,LGA,2024Q4,63565760.0,52670588.736,0.8286,BTS_T100
AA,MIA,ATL,2024Q1,44478720.0,36267948.288,0.8154,BTS_T100
AA,MIA,ATL,2024Q2,63201600.0,54574581.6,0.8635,BTS_T100
AA,MIA,ATL,2024Q3,83540160.0,73690775.13599999,0.8821,BTS_T100
AA,MIA,ATL,2024Q4,49040640.0,41704160.256000005,0.8504,BTS_T100
DL,MIA,ATL,2024Q1,49896000.0,40849855.199999996,0.8187,BTS_T100
DL,MIA,ATL,2024Q2,34214400.0,29321740.8,0.857,BTS_T100
DL,MIA,ATL,2024Q3,81734400.0,71918098.56,0.8799,BTS_T100
DL,MIA,ATL,2024Q4,69474240.0,57733093.44,0.831,BTS_T100
UA,MIA,ATL,2024Q1,64056960.0,52776529.344,0.8239,BTS_T100
UA,MIA,ATL,2024Q2,57594240.0,47342465.279999994,0.822,BTS_T100
UA,MIA,ATL,2024Q3,41817600.0,36544400.64,0.8739,BTS_T100
UA,MIA,ATL,2024Q4,81449280.0,66324148.704,0.8143,BTS_T100
B6,MIA,ATL,2024Q1,46379520.0,37372617.216,0.8058,BTS_T100
B6,MIA,ATL,2024Q2,80403840.0,64435637.376,0.8014,BTS_T100
B6,MIA,ATL,2024Q3,50276160.0,43353132.768,0.8623,BTS_T100
B6,MIA,ATL,2024Q4,75366720.0,60918919.776,0.8083,BTS_T100
WN,MIA,ATL,2024Q1,53697600.0,42861424.32,0.7982,BTS_T100
WN,MIA,ATL,2024Q2,72990720.0,59531231.232,0.8156,BTS_T100
WN,MIA,ATL,2024Q3,70519680.0,59927624.064,0.8498,BTS_T100
WN,MIA,ATL,2024Q4,84490560.0,67752980.064,0.8019,BTS_T100
AA,JFK,LHR,2024Q1,592329640.0,481327065.464,0.8126,BTS_T100
AA,JFK,LHR,2024Q2,682193680.0,567039386.816,0.8312,BTS_T100
AA,JFK,LHR,2024Q3,574936600.0,483579174.26,0.8411,BTS_T100
AA,JFK,LHR,2024Q4,354624760.0,301218271.144,0.8494,BTS_T100
DL,JFK,LHR,2024Q1,405837600.0,326090511.6,0.8035,BTS_T100
DL,JFK,LHR,2024Q2,378781760.0,318706972.864,0.8414,BTS_T100
DL,JFK,LHR,2024Q3,417432960.0,372767633.28000003,0.893,BTS_T100
DL,JFK,LHR,2024Q4,623250600.0,533315538.42,0.8557,BTS_T100
UA,JFK,LHR,2024Q1,559476120.0,455077876.008,0.8134,BTS_T100
UA,JFK,LHR,2024Q2,815540320.0,682607247.8399999,0.837,BTS_T100
UA,JFK,LHR,2024Q3,815540320.0,686766503.472,0.8421,BTS_T100
UA,JFK,LHR,2024Q4,535319120.0,455235379.648,0.8504,BTS_T100
B6,JFK,LHR,2024Q1,773990280.0,595740318.516,0.7697,BTS_T100
B6,JFK,LHR,2024Q2,753698400.0,612530689.68,0.8127,BTS_T100
B6,JFK,LHR,2024Q3,401006200.0,336203598.08000004,0.8384,BTS_T100
B6,JFK,LHR,2024Q4,444488800.0,368347868.56,0.8287,BTS_T100
WN,JFK,LHR,2024Q1,683159960.0,514419449.88,0.753,BTS_T100
WN,JFK,LHR,2024Q2,455117880.0,373196661.59999996,0.82,BTS_T100
WN,JFK,LHR,2024Q3,535319120.0,434893253.088,0.8124,BTS_T100
WN,JFK,LHR,2024Q4,486038840.0,392136136.112,0.8068,BTS_T100
AA,BOS,LHR,2024Q1,589659000.0,478272414.90000004,0.8111,BTS_T100
AA,BOS,LHR,2024Q2,399505400.0,336823002.74,0.8431,BTS_T100
AA,BOS,LHR,2024Q3,420532000.0,362582690.4,0.8622,BTS_T100
AA,BOS,LHR,2024Q4,342825000.0,281973562.5,0.8225,BTS_T100
DL,BOS,LHR,2024Q1,550348400.0,466915582.56,0.8484,BTS_T100
DL,BOS,LHR,2024Q2,783469400.0,656782398.02,0.8383,BTS_T100
DL,BOS,LHR,2024Q3,703934000.0,615308709.4,0.8741,BTS_T100
DL,BOS,LHR,2024Q4,482697600.0,422408669.76,0.8751,BTS_T100
UA,BOS,LHR,2024Q1,693877800.0,554338974.4200001,0.7989,BTS_T100
UA,BOS,LHR,2024Q2,754215000.0,620945209.5,0.8233,BTS_T100
UA,BOS,LHR,2024Q3,784383600.0,662255073.48,0.8443,BTS_T100
UA,BOS,LHR,2024Q4,606114600.0,495619908.42,0.8177,BTS_T100
B6,BOS,LHR,2024Q1,383049800.0,297208339.82,0.7759,BTS_T100
B6,BOS,LHR,2024Q2,385792400.0,317892937.59999996,0.824,BTS_T100
B6,BOS,LHR,2024Q3,382135600.0,325732385.44,0.8524,BTS_T100
B6,BOS,LHR,2024Q4,775241600.0,618255176.0,0.7975,BTS_T100
WN,BOS,LHR,2024Q1,476298200.0,369178734.82,0.7751,BTS_T100
WN,BOS,LHR,2024Q2,804496000.0,629759468.8000001,0.7828,BTS_T100
WN,BOS,LHR,2024Q3,502810000.0,404259240.0,0.804,BTS_T100
WN,BOS,LHR,2024Q4,392191800.0,307243056.12,0.7834,BTS_T100
AA,ORD,CDG,2024Q1,697704000.0,574768555.1999999,0.8238,BTS_T100
AA,ORD,CDG,2024Q2,711658080.0,597935118.816,0.8402,BTS_T100
AA,ORD,CDG,2024Q3,465136000.0,404156670.4,0.8689,BTS_T100
AA,ORD,CDG,2024Q4,917480760.0,780776126.76,0.851,BTS_T100
DL,ORD,CDG,2024Q1,1040741800.0,866833845.22,0.8329,BTS_T100
DL,ORD,CDG,2024Q2,729100680.0,616673355.144,0.8458,BTS_T100
DL,ORD,CDG,2024Q3,791894040.0,681187253.208,0.8602,BTS_T100
DL,ORD,CDG,2024Q4,889572600.0,748931171.9399999,0.8419,BTS_T100
UA,ORD,CDG,2024Q1,775614280.0,610020631.22,0.7865,BTS_T100
UA,ORD,CDG,2024Q2,504672560.0,420341775.224,0.8329,BTS_T100
UA,ORD,CDG,2024Q3,537232080.0,446171242.44,0.8305,BTS_T100
UA,ORD,CDG,2024Q4,672121520.0,546905280.824,0.8137,BTS_T100
B6,ORD,CDG,2024Q1,575605800.0,454901263.74,0.7903,BTS_T100
B6,ORD,CDG,2024Q2,500021200.0,420867844.04,0.8417,BTS_T100
B6,ORD,CDG,2024Q3,858175920.0,737173115.28,0.859,BTS_T100
B6,ORD,CDG,2024Q4,939574720.0,760303863.424,0.8092,BTS_T100
WN,ORD,CDG,2024Q1,777939960.0,615895066.332,0.7917,BTS_T100
WN,ORD,CDG,2024Q2,427925120.0,346876102.272,0.8106,BTS_T100
WN,ORD,CDG,2024Q3,774451440.0,645427830.0960001,0.8334,BTS_T100
WN,ORD,CDG,2024Q4,541883440.0,447920851.504,0.8266,BTS_T100
AA,SFO,SIN,2024Q1,1175345360.0,983646531.7839999,0.8369,BTS_T100
AA,SFO,SIN,2024Q2,1109128720.0,924126049.5040001,0.8332,BTS_T100
AA,SFO,SIN,2024Q3,1227372720.0,1076528612.712,0.8771,BTS_T100
AA,SFO,SIN,2024Q4,1359806000.0,1133534281.6,0.8336,BTS_T100
DL,SFO,SIN,2024Q1,1343251840.0,1122824213.056,0.8359,BTS_T100
DL,SFO,SIN,2024Q2,1489874400.0,1287847431.36,0.8644,BTS_T100
DL,SFO,SIN,2024Q3,1459130960.0,1277177329.2879999,0.8753,BTS_T100
DL,SFO,SIN,2024Q4,974330560.0,852831539.168,0.8753,BTS_T100
UA,SFO,SIN,2024Q1,1875349840.0,1471399484.464,0.7846,BTS_T100
UA,SFO,SIN,2024Q2,957776400.0,815546604.6,0.8515,BTS_T100
UA,SFO,SIN,2024Q3,1165885840.0,967918424.368,0.8302,BTS_T100
UA,SFO,SIN,2024Q4,1485144640.0,1250343272.416,0.8419,BTS_T100
B6,SFO,SIN,2024Q1,1920282560.0,1484570447.136,0.7731,BTS_T100
B6,SFO,SIN,2024Q2,1884809360.0,1550444179.536,0.8226,BTS_T100
B6,SFO,SIN,2024Q3,1120953120.0,944963480.16,0.843,BTS_T100
B6,SFO,SIN,2024Q4,1210818560.0,967201865.7279999,0.7988,BTS_T100
WN,SFO,SIN,2024Q1,1745281440.0,1356607263.312,0.7773,BTS_T100
WN,SFO,SIN,2024Q2,1208453680.0,977759872.488,0.8091,BTS_T100
WN,SFO,SIN,2024Q3,950681760.0,780985065.84,0.8215,BTS_T100
WN,SFO,SIN,2024Q4,945952000.0,752410220.8,0.7954,BTS_T100
AA,LAX,HND,2024Q1,883568000.0,737690923.1999999,0.8349,BTS_T100
AA,LAX,HND,2024Q2,714537600.0,610286564.16,0.8541,BTS_T100
AA,LAX,HND,2024Q3,1192432640.0,1022749475.3280001,0.8577,BTS_T100
AA,LAX,HND,2024Q4,795979520.0,691467409.024,0.8687,BTS_T100
DL,LAX,HND,2024Q1,925057280.0,782875976.064,0.8463,BTS_T100
DL,LAX,HND,2024Q2,831322240.0,725910579.9679999,0.8732,BTS_T100
DL,LAX,HND,2024Q3,591606400.0,528955282.24,0.8941,BTS_T100
DL,LAX,HND,2024Q4,1075648000.0,902468672.0,0.839,BTS_T100
UA,LAX,HND,2024Q1,1200115840.0,983014884.544,0.8191,BTS_T100
UA,LAX,HND,2024Q2,943496960.0,802066765.696,0.8501,BTS_T100
UA,LAX,HND,2024Q3,722220800.0,609048800.64,0.8433,BTS_T100
UA,LAX,HND,2024Q4,613119360.0,508337261.376,0.8291,BTS_T100
B6,LAX,HND,2024Q1,902007680.0,728732004.6719999,0.8079,BTS_T100
B6,LAX,HND,2024Q2,1276947840.0,1027943011.2,0.805,BTS_T100
B6,LAX,HND,2024Q3,911227520.0,758596910.4,0.8325,BTS_T100
B6,LAX,HND,2024Q4,855908480.0,689947825.728,0.8061,BTS_T100
WN,LAX,HND,2024Q1,991132800.0,763073142.72,0.7699,BTS_T100
WN,LAX,HND,2024Q2,991132800.0,815900520.96,0.8232,BTS_T100
WN,LAX,HND,2024Q3,1353779840.0,1106850397.184,0.8176,BTS_T100
WN,LAX,HND,2024Q4,1074111360.0,859289088.0,0.8,BTS_T100
